spec_id;title;value_type;group_id;group_name;
1245;'Соответствие стандартам';'string';9;'Сопутствующая документация'
282;'Базовая уставка';'boolean';2;'Классификация'
506;'Тип приёмки';'string';2;'Классификация'
252;'Категория ETIM';'string';2;'Классификация'
147;'Модель (подсерия)';'string';2;'Классификация'
144;'Тип изделия';'string';2;'Классификация'
928;'Технологическая категория реле по ГОСТ IEC 61810-1';'string';2;'Классификация'
1047;'Среда исполнения';'string';2;'Классификация'
1062;'Ретрофит для замены выключателей';'string';2;'Классификация'
227;'Материал корпуса';'string';8;'Габариты и материалы'
146;'Габариты изделия: Ширина (мм)';'number';8;'Габариты и материалы'
148;'Габариты изделия: Высота (мм)';'number';8;'Габариты и материалы'
149;'Габариты изделия: Глубина (мм)';'number';8;'Габариты и материалы'
178;'Габариты изделия: Диаметр (мм)';'number';8;'Габариты и материалы'
179;'Габариты изделия: Длина (мм)';'number';8;'Габариты и материалы'
345;'Защитное покрытие поверхности';'string';8;'Габариты и материалы'
352;'Материал';'string';8;'Габариты и материалы'
788;'Номинальные габариты изделия: высота (мм)';'number';8;'Габариты и материалы'
789;'Номинальные габариты изделия: ширина (мм)';'number';8;'Габариты и материалы'
790;'Номинальные габариты изделия: глубина (мм)';'number';8;'Габариты и материалы'
791;'Номинальные габариты изделия: длина (мм)';'number';8;'Габариты и материалы'
879;'Типоразмер';'string';8;'Габариты и материалы'
922;'Максимальный диаметр охвата (пучка) (мм)';'number';8;'Габариты и материалы'
929;'Материал главных контактов';'string';8;'Габариты и материалы'
961;'Диагональ, дюйм';'number';8;'Габариты и материалы'
979;'Установочные размеры Ш/В, мм';'string';8;'Габариты и материалы'
1003;'Диаметр защитной арматуры (мм)';'number';8;'Габариты и материалы'
1024;'Диаметр внутренний алюминий, мм';'number';8;'Габариты и материалы'
1025;'Диаметр внешний алюминий, мм';'number';8;'Габариты и материалы'
1026;'Диаметр внутренний медь, мм';'number';8;'Габариты и материалы'
1030;'Диаметр внутренний (мм)';'number';8;'Габариты и материалы'
1035;'Min - Max диаметр охвата (пучка) (мм)';'string';8;'Габариты и материалы'
1037;'Габариты изделия: Толщина (мм)';'number';8;'Габариты и материалы'
1040;'Длина втулки/гильзы';'number';8;'Габариты и материалы'
1041;'Диаметр внешний по изоляции (мм)';'string';8;'Габариты и материалы'
1042;'Диаметр внешний (мм)';'number';8;'Габариты и материалы'
1046;'Материал кабеля';'string';8;'Габариты и материалы'
1401;'Общая длина, мм';'number';8;'Габариты и материалы'
1407;'Материал вертлюга';'string';8;'Габариты и материалы'
1410;'Материал инструмента';'string';8;'Габариты и материалы'
1411;'Материал кабельной стяжки';'string';8;'Габариты и материалы'
1415;'Максимальное сечение кабеля, кв.мм';'number';8;'Габариты и материалы'
1416;'Максимальный диаметр кабеля, мм';'number';8;'Габариты и материалы'
1437;'Поперечное сечение, мм²';'string';8;'Габариты и материалы'
1443;'Ширина отверстия, мм';'number';8;'Габариты и материалы'
1458;'Присоединительный размер';'string';8;'Габариты и материалы'
1467;'Толщина лезвия, мм';'number';8;'Габариты и материалы'
1468;'Ширина лезвия, мм';'number';8;'Габариты и материалы'
1478;'Максимальный диаметр каната/троса, мм';'number';8;'Габариты и материалы'
1479;'Длина шланга, м';'number';8;'Габариты и материалы'
1480;'Материал сумки';'string';8;'Габариты и материалы'
1238;'Съемная панель управления';'string';1;'Электротехнические характеристики'
1181;'Настройки максимальной освещенности,  лк';'number';1;'Электротехнические характеристики'
1195;'Функция';'string';1;'Электротехнические характеристики'
1173;'Диапазон задержки перезагрузки (с)';'string';1;'Электротехнические характеристики'
1143;'Мощность резистивной нагрузки Р (kW)  для AC1, V=230AC';'number';1;'Электротехнические характеристики'
1222;'Диапазон скорости';'string';1;'Электротехнические характеристики'
1251;'Напряжение питания цепей управления (В)';'string';1;'Электротехнические характеристики'
1188;'Пониженное напряжение';'boolean';1;'Электротехнические характеристики'
1129;'Степень защиты (IK)';'string';1;'Электротехнические характеристики'
1216;'Конфигурируемая частота коммутации, кГц';'string';1;'Электротехнические характеристики'
1155;'Номинальный ток (А) для DC13 V=400AC';'number';1;'Электротехнические характеристики'
1239;'Наличие ПО для конфигурирования и диагностики';'boolean';1;'Электротехнические характеристики'
1182;'Настройки максимальной температуры, 0С';'number';1;'Электротехнические характеристики'
1202;'Напряжение моторного привода';'string';1;'Электротехнические характеристики'
1149;'Номинальная коммутируемая нагрузка Q (kvar) для АС-6b, V=690B';'number';1;'Электротехнические характеристики'
1174;'Диапазон напряжения срабатывания (В)';'string';1;'Электротехнические характеристики'
1144;'Мощность резистивной нагрузки Р (kW)  для AC1, V=400AC';'number';1;'Электротехнические характеристики'
1223;'Законы управления';'string';1;'Электротехнические характеристики'
1189;'Порядок чередования фаз';'boolean';1;'Электротехнические характеристики'
1130;'Мощность двигателя Р (kW)  для AC3, V=230AC';'number';1;'Электротехнические характеристики'
1217;'Мощность двигателя, указанная на заводской табличке, нормальный режим, кВт';'number';1;'Электротехнические характеристики'
1156;'Номинальный рабочий ток Ie (А) для DC-1, V=600DC';'number';1;'Электротехнические характеристики'
1240;'Тормозной прерыватель';'string';1;'Электротехнические характеристики'
1183;'Настройки минимальной освещенности,  лк';'number';1;'Электротехнические характеристики'
1210;'Напряжение сети, В';'string';1;'Электротехнические характеристики'
1150;'Номинальный ток (А) для AC15 V=120AC';'number';1;'Электротехнические характеристики'
1175;'Диапазон регулировки значений тока (А)';'string';1;'Электротехнические характеристики'
1145;'Мощность резистивной нагрузки Р (kW)  для AC1, V=690AC';'number';1;'Электротехнические характеристики'
1225;'Количество дискретных входов';'string';1;'Электротехнические характеристики'
1190;'Потребляемая мощность, не более, В·А';'string';1;'Электротехнические характеристики'
1131;'Мощность двигателя Р (kW)  для AC3, V=400AC';'number';1;'Электротехнические характеристики'
1218;'Мощность двигателя, указанная на заводской табличке, тяжелый режим, кВт';'number';1;'Электротехнические характеристики'
1157;'Номинальный рабочий ток Ie (А) для DC-1, V=800DC';'number';1;'Электротехнические характеристики'
1242;'Коммуникационный интерфейс RS-485';'boolean';1;'Электротехнические характеристики'
1184;'Настройки минимальной температуры, 0С';'number';1;'Электротехнические характеристики'
1103;'Номинальный выходной ток для нормального режима, А';'number';1;'Электротехнические характеристики'
1212;'Линейный ток, нормальный режим, А';'number';1;'Электротехнические характеристики'
1151;'Номинальный ток (А) для AC15 V=240AC';'number';1;'Электротехнические характеристики'
1229;'Количество релейных выходов';'string';1;'Электротехнические характеристики'
1177;'Допустимое отклонение напряжения питания (%)';'string';1;'Электротехнические характеристики'
1146;'Номинальный рабочий ток Ie (А) при t ≤ 55 °C для AC-6b';'number';1;'Электротехнические характеристики'
1191;'Режим управления';'string';1;'Электротехнические характеристики'
1132;'Мощность двигателя Р (kW)  для AC3, V=690AC';'number';1;'Электротехнические характеристики'
1219;'Максимальный установившийся ток, нормальный режим, А';'number';1;'Электротехнические характеристики'
1158;'Номинальный рабочий ток Ie (А) для DC-1, V=1000DC';'number';1;'Электротехнические характеристики'
1247;'Трехфазное напряжение питания (В)';'string';1;'Электротехнические характеристики'
1185;'Номинальное напряжение питания цепи управления Un (В)';'string';1;'Электротехнические характеристики'
1104;'Номинальный выходной ток для тяжелого режима, А';'number';1;'Электротехнические характеристики'
1213;'Линейный ток, тяжёлый режим, А';'number';1;'Электротехнические характеристики'
1152;'Номинальный ток (А) для AC15 V=380AC';'number';1;'Электротехнические характеристики'
1235;'Поддержка Modbus';'boolean';1;'Электротехнические характеристики'
1178;'Количество функций';'number';1;'Электротехнические характеристики'
1147;'Номинальная коммутируемая нагрузка Q (kvar) для АС-6b, V=230B';'number';1;'Электротехнические характеристики'
1193;'Светодиодный индикатор срабатывания';'string';1;'Электротехнические характеристики'
1138;'Количество нормально замкнутых (НЗ, NC, р) и нормально разомкнутых (НО, NO, з) контактов контактов';'string';1;'Электротехнические характеристики'
1220;'Максимальный установившийся ток, тяжёлый режим, А';'number';1;'Электротехнические характеристики'
1171;'Асимметрия фаз';'boolean';1;'Электротехнические характеристики'
1249;'Номинальное напряжение двигателя (В)';'string';1;'Электротехнические характеристики'
1186;'Обнаружение обрыва фазы';'boolean';1;'Электротехнические характеристики'
1105;'Номинальная мощность электродвигателя для нормального режима, кВт';'number';1;'Электротехнические характеристики'
1214;'Выходное напряжение, В';'string';1;'Электротехнические характеристики'
1153;'Номинальный ток (А) для DC13 V=125AC';'number';1;'Электротехнические характеристики'
1236;'Поддержка Profibus';'string';1;'Электротехнические характеристики'
1179;'Контроль нейтрали';'boolean';1;'Электротехнические характеристики'
1148;'Номинальная коммутируемая нагрузка Q (kvar) для АС-6b, V=400B';'number';1;'Электротехнические характеристики'
1194;'Тип температурного датчика';'string';1;'Электротехнические характеристики'
1172;'Диапазон выдержки (с)';'string';1;'Электротехнические характеристики'
1142;'Номинальный условный ток короткого замыкания Inc, А';'number';1;'Электротехнические характеристики'
1221;'Перегрузочная способность, нормальный/тяжелый режим';'string';1;'Электротехнические характеристики'
1250;'Номинальная мощность двигателя (кВт)';'number';1;'Электротехнические характеристики'
1187;'Повышенное напряжение';'boolean';1;'Электротехнические характеристики'
1106;'Номинальная мощность электродвигателя для тяжелого режима, кВт';'number';1;'Электротехнические характеристики'
1215;'Диапазон выходной частоты, Гц';'string';1;'Электротехнические характеристики'
1154;'Номинальный ток (А) для DC13 V=250AC';'number';1;'Электротехнические характеристики'
28;'Количество полюсов';'number';1;'Электротехнические характеристики'
35;'Номинальный ток In (А)';'number';1;'Электротехнические характеристики'
119;'Диапазон регулировки теплового расцепителя (А)';'string';1;'Электротехнические характеристики'
173;'Максимальный ток Imax (А)';'number';1;'Электротехнические характеристики'
329;'Тип полюсов';'string';1;'Электротехнические характеристики'
330;'Номинальное напряжение переменного тока Un (В)';'number';1;'Электротехнические характеристики'
334;'Максимальное длительное рабочее напряжение Uс (В)';'number';1;'Электротехнические характеристики'
318;'Максимальное длительное рабочее напряжение Uс (В) L/N';'number';1;'Электротехнические характеристики'
205;'Защита от импульсных перенапряжений';'boolean';1;'Электротехнические характеристики'
319;'Максимальное длительное рабочее напряжение Uс (В) N/PE';'number';1;'Электротехнические характеристики'
335;'Импульсный ток Iimp (10/350) (кА)';'number';1;'Электротехнические характеристики'
320;'Импульсный ток Iimp (10/350) (кА) L/N';'number';1;'Электротехнические характеристики'
321;'Импульсный ток Iimp (10/350) (кА) N/PE';'number';1;'Электротехнические характеристики'
337;'Максимальный ток разряда Imax (8/20) (кА)';'number';1;'Электротехнические характеристики'
324;'Максимальный ток разряда Imax (8/20) (кА) L/N';'number';1;'Электротехнические характеристики'
325;'Максимальный ток разряда Imax (8/20) (кА) N/PE';'number';1;'Электротехнические характеристики'
336;'Номинальный ток разряда In (8/20) (кА)';'number';1;'Электротехнические характеристики'
322;'Номинальный ток разряда In (8/20) (кА) L/N';'number';1;'Электротехнические характеристики'
323;'Номинальный ток разряда In (8/20) (кА) N/PE';'number';1;'Электротехнические характеристики'
331;'Уровень напряжения защиты Up (kВ)';'number';1;'Электротехнические характеристики'
332;'Уровень напряжения защиты Up (kВ) L/N';'number';1;'Электротехнические характеристики'
333;'Уровень напряжения защиты Up (kВ) N/PE';'number';1;'Электротехнические характеристики'
75;'Габарит';'string';1;'Электротехнические характеристики'
77;'Частота тока (Гц)';'string';1;'Электротехнические характеристики'
69;'Род тока';'string';1;'Электротехнические характеристики'
42;'Номинальное рабочее напряжение переменного тока Ue (В)';'number';1;'Электротехнические характеристики'
27;'Предельная коммутационная способность переменного тока Icu (кА)';'number';1;'Электротехнические характеристики'
159;'Номинальное рабочее напряжение переменного тока Ue (В)2';'number';1;'Электротехнические характеристики'
182;'Предельная коммутационная способность переменного тока Icu (кА)2';'number';1;'Электротехнические характеристики'
183;'Номинальное рабочее напряжение постоянного тока Ue (В)';'number';1;'Электротехнические характеристики'
184;'Предельная коммутационная способность постоянного тока Icu (кА)';'number';1;'Электротехнические характеристики'
287;'Предельная коммутационная способность постоянного тока Icu при 440DС (кА)';'number';1;'Электротехнические характеристики'
43;'Вспомогательные (свободные) контакты';'string';1;'Электротехнические характеристики'
145;'Количество фаз питающей сети';'number';1;'Электротехнические характеристики'
45;'Наличие привода';'string';1;'Электротехнические характеристики'
141;'Способ коммутации';'string';1;'Электротехнические характеристики'
162;'Предельная коммутационная способность переменного тока Icu при 6кВ АС (кА)';'number';1;'Электротехнические характеристики'
84;'Номинальный кратковременно-выдерживаемый ток в течении 1 с (кА)';'number';1;'Электротехнические характеристики'
85;'Номинальный условный ток короткого замыкания Iq (кА)';'number';1;'Электротехнические характеристики'
156;'Номинальный отключающий дифференциальный ток (мА)';'number';1;'Электротехнические характеристики'
102;'Выходной ток (A)';'number';1;'Электротехнические характеристики'
31;'Уставка расцепителей токов короткого замыкания';'string';1;'Электротехнические характеристики'
83;'Число направлений коммутации';'number';1;'Электротехнические характеристики'
136;'Напряжение катушки управления (В)';'string';1;'Электротехнические характеристики'
226;'Род тока катушки управления';'string';1;'Электротехнические характеристики'
177;'Номинальное линейное напряжение (В)';'number';1;'Электротехнические характеристики'
174;'Рабочий диапазон сетевого напряжения (В)';'string';1;'Электротехнические характеристики'
263;'Наличие независимого расцепителя';'boolean';1;'Электротехнические характеристики'
47;'Регулировка максимальных расцепителей тока';'boolean';1;'Электротехнические характеристики'
175;'Расположение заземляющих ножей';'string';1;'Электротехнические характеристики'
41;'Вид расцепителей';'string';1;'Электротехнические характеристики'
78;'Характеристика диапазона отключения';'string';1;'Электротехнические характеристики'
100;'Вход';'string';1;'Электротехнические характеристики'
101;'Выход';'string';1;'Электротехнические характеристики'
97;'Мощность двигателя STANDARD (кВт)';'number';1;'Электротехнические характеристики'
291;'Количество вспомогательных размыкающих контактов';'number';1;'Электротехнические характеристики'
292;'Количество вспомогательных замыкающих контактов';'number';1;'Электротехнические характеристики'
98;'Мощность двигателя HEAVY (кВт)';'number';1;'Электротехнические характеристики'
117;'Номинальное напряжение изоляции Ui (В)';'number';1;'Электротехнические характеристики'
293;'Количество вспомогательных переключающих контактов';'number';1;'Электротехнические характеристики'
118;'Номинальное импульсное напряжение Uimp (кВ)';'number';1;'Электротехнические характеристики'
121;'Номинальный рабочий ток Ie (А) для AC3, V=380-400AC';'number';1;'Электротехнические характеристики'
122;'Номинальный ток (А) для AC1 V=690AC';'number';1;'Электротехнические характеристики'
123;'Номинальный ток (А) для AC15 V=24AC';'number';1;'Электротехнические характеристики'
305;'С расцеплением под напряжением';'boolean';1;'Электротехнические характеристики'
127;'Мощность двигателя AC2/AC3 V=220-230AC (кВт)';'number';1;'Электротехнические характеристики'
128;'Мощность двигателя AC2/AC3 V=380-400AC (кВт)';'number';1;'Электротехнические характеристики'
129;'Мощность двигателя AC2/AC3 V=660-690AC (кВт)';'number';1;'Электротехнические характеристики'
195;'Номинальное выходное напряжение (В)';'number';1;'Электротехнические характеристики'
76;'Потери мощности (Вт)';'number';1;'Электротехнические характеристики'
279;'Количество контактов';'number';1;'Электротехнические характеристики'
130;'Класс отключения';'string';1;'Электротехнические характеристики'
120;'Класс теплового расцепителя';'string';1;'Электротехнические характеристики'
109;'Количество главных замыкающих контактов';'number';1;'Электротехнические характеристики'
172;'Количество главных размыкающих контактов';'number';1;'Электротехнические характеристики'
192;'Номинальная рабочая наибольшая отключающая способность Ics (% Icu)';'number';1;'Электротехнические характеристики'
209;'Класс точности';'string';1;'Электротехнические характеристики'
239;'Номинальный ток термической стойкости (А)';'number';1;'Электротехнические характеристики'
245;'Схема-группа соединения обмоток';'string';1;'Электротехнические характеристики'
246;'Предельный ток селективности Is (кА)';'number';1;'Электротехнические характеристики'
249;'Вид регулирования напряжения';'string';1;'Электротехнические характеристики'
253;'Условный тепловой ток на открытом воздухе Ith (A)';'number';1;'Электротехнические характеристики'
254;'Условный тепловой ток в оболочке Ithe (A)';'number';1;'Электротехнические характеристики'
264;'Тип расцепителя';'string';1;'Электротехнические характеристики'
265;'Тип защитной характеристики по дифферециальному току';'string';1;'Электротехнические характеристики'
266;'Номинальное первичное напряжение трансформатора,(В)';'number';1;'Электротехнические характеристики'
267;'Номинальное вторичное напряжение трансформатора (В)';'number';1;'Электротехнические характеристики'
268;'Номинальная мощность вторичной обмотки трансформатора, (кВА)';'number';1;'Электротехнические характеристики'
269;'Номинальный первичный ток (А)';'number';1;'Электротехнические характеристики'
270;'Номинальный рабочий ток Ie (А) для AC3, V=660-690AC';'number';1;'Электротехнические характеристики'
271;'Мощность двигателя Р (kW)  для AC3, V=220AC';'number';1;'Электротехнические характеристики'
288;'Предельная коммутационная способность постоянного тока Icu при 220/240DC (кА)';'number';1;'Электротехнические характеристики'
272;'Мощность двигателя Р (kW)  для AC3, V=380AC';'number';1;'Электротехнические характеристики'
273;'Мощность двигателя Р (kW)  для AC3, V=660AC';'number';1;'Электротехнические характеристики'
283;'Контрольная температура (°С)';'number';1;'Электротехнические характеристики'
294;'Номинальный продолжительный ток Iu (А)';'number';1;'Электротехнические характеристики'
301;'Диапазон краткосрочной задержки расцепителя короткого замыкания (с)';'string';1;'Электротехнические характеристики'
423;'Наличие защиты от сверхтоков';'boolean';1;'Электротехнические характеристики'
430;'Максимальное рабочее напряжение (В)';'number';1;'Электротехнические характеристики'
498;'Количество полюсов клеммы';'number';1;'Электротехнические характеристики'
510;'Тип тока утечки';'string';1;'Электротехнические характеристики'
511;'Селективная защита';'boolean';1;'Электротехнические характеристики'
518;'Отключающая способность по EN 60898 (кА)';'number';1;'Электротехнические характеристики'
521;'Количество переключающих контактов';'number';1;'Электротехнические характеристики'
525;'Номинальное (расчетное) напряжение (В)';'string';1;'Электротехнические характеристики'
527;'Отключение нейтрали (N)';'boolean';1;'Электротехнические характеристики'
528;'Общее количество полюсов';'number';1;'Электротехнические характеристики'
529;'Общее количество защищенных полюсов';'number';1;'Электротехнические характеристики'
552;'Номинальный рабочий ток Ie (А) для AC1, V=400AC';'number';1;'Электротехнические характеристики'
553;'Номинальное напряжение питания цепи управления Us АС 50 Гц (В)';'number';1;'Электротехнические характеристики'
554;'Номинальное напряжение питания цепи управления Us АС 60 Гц (В)';'number';1;'Электротехнические характеристики'
555;'Номинальное напряжение питания цепи управления Us DC (В)';'number';1;'Электротехнические характеристики'
556;'Номинальный рабочий ток Ie (А) для AC4, V=400AC';'number';1;'Электротехнические характеристики'
558;'Чувствительность к обрыву фазы';'boolean';1;'Электротехнические характеристики'
572;'Потребляемый ток (мА)';'number';1;'Электротехнические характеристики'
576;'Категория перенапряжения';'number';1;'Электротехнические характеристики'
577;'Класс токоограничения';'number';1;'Электротехнические характеристики'
583;'Функциональное назначение / применение';'string';1;'Электротехнические характеристики'
595;'Максимальная полная мощность (ВА)';'number';1;'Электротехнические характеристики'
597;'Ток короткого замыкания ограничителя';'boolean';1;'Электротехнические характеристики'
608;'Тип измеряемого напряжения';'string';1;'Электротехнические характеристики'
609;'Диапазон измеряемого напряжения';'string';1;'Электротехнические характеристики'
614;'Уровень напряжания при срабатывании';'string';1;'Электротехнические характеристики'
630;'Индуктивность (мГн)';'number';1;'Электротехнические характеристики'
631;'Сопротивление (Ом)';'number';1;'Электротехнические характеристики'
643;'Тип контролируемой линии';'string';1;'Электротехнические характеристики'
644;'Количество контролируемых вводов';'number';1;'Электротехнические характеристики'
645;'Гистерезис нижнего порога (В)';'string';1;'Электротехнические характеристики'
646;'Максимальная задержка отключения реле основного ввода при выходе значений контролируемых параметров из допустимого диапазона (с)';'number';1;'Электротехнические характеристики'
647;'Максимальная задержка включения реле резервного ввода (с)';'number';1;'Электротехнические характеристики'
648;'Максимальная задержка возвратного переключения на основной ввод при нормализации контролируемых параметров (с)';'number';1;'Электротехнические характеристики'
649;'Максимальный ток нагрузки АС1 при напряжении 250В (А)';'number';1;'Электротехнические характеристики'
650;'Управление контакторами';'boolean';1;'Электротехнические характеристики'
651;'Управление автоматическими выключателями с ЭМП';'boolean';1;'Электротехнические характеристики'
652;'Управление автоматическими выключателями с мотор-приводами';'boolean';1;'Электротехнические характеристики'
653;'Управление выключателями нагрузки с мотор-приводами';'boolean';1;'Электротехнические характеристики'
654;'Питание основного и резервного ввода от трансформаторной подстанции';'boolean';1;'Электротехнические характеристики'
655;'Питание  одного из вводов от генераторной установки';'boolean';1;'Электротехнические характеристики'
656;'Контроль перекоса фаз';'boolean';1;'Электротехнические характеристики'
657;'Контроль "слипания" фаз';'boolean';1;'Электротехнические характеристики'
658;'Аварийная индикация';'boolean';1;'Электротехнические характеристики'
659;'Поддерживаемое количество управляемых коммутационных аппратов';'number';1;'Электротехнические характеристики'
660;'Индикация состояния вводов';'boolean';1;'Электротехнические характеристики'
661;'Индикация состояния коммутационных аппаратов "включен/отключен"';'boolean';1;'Электротехнические характеристики'
662;'Индикация состояния коммутационных аппаратов "аварийное отключение", "удален"';'boolean';1;'Электротехнические характеристики'
665;'Минимальный рабочий ток (А)';'number';1;'Электротехнические характеристики'
666;'Минимальное рабочее напряжение (В)';'number';1;'Электротехнические характеристики'
667;'Номинальный рабочий ток Ie (А) для АС-21А';'number';1;'Электротехнические характеристики'
668;'Коммутационная мощность трехфазная (кВт)';'number';1;'Электротехнические характеристики'
678;'Номинальный вторичный ток (А)';'number';1;'Электротехнические характеристики'
705;'Максимальная частота на выходе (Гц)';'number';1;'Электротехнические характеристики'
706;'Выходная мощность при номинальном выходном напряжении (кВт)';'number';1;'Электротехнические характеристики'
716;'Номинальный рабочий ток Ie (А) для AC15, V=127AC';'number';1;'Электротехнические характеристики'
717;'Номинальный рабочий ток Ie (А) для AC15, V=24AC';'number';1;'Электротехнические характеристики'
718;'Номинальный рабочий ток Ie (А) для AC15, V=220AC';'number';1;'Электротехнические характеристики'
719;'Номинальный рабочий ток Ie (А) для DC13, V=24AC';'number';1;'Электротехнические характеристики'
720;'Номинальный рабочий ток Ie (А) для DC13, V=110AC';'number';1;'Электротехнические характеристики'
721;'Номинальный рабочий ток Ie (А) для DC13, V=220AC';'number';1;'Электротехнические характеристики'
733;'Максимальный номинальный ток при номинальном напряжении переменного тока (А)';'number';1;'Электротехнические характеристики'
734;'Количество полюсов первичной обмотки';'number';1;'Электротехнические характеристики'
737;'Регулировка по времени (с)';'string';1;'Электротехнические характеристики'
738;'Вид коммутации';'string';1;'Электротехнические характеристики'
754;'Наличие изоляции';'boolean';1;'Электротехнические характеристики'
755;'Количество силовых полюсов';'number';1;'Электротехнические характеристики'
777;'Номинальный рабочий цикл';'string';1;'Электротехнические характеристики'
779;'Номинальное напряжение питания цепи управления Us (В)';'string';1;'Электротехнические характеристики'
780;'Род тока питания цепи управления';'string';1;'Электротехнические характеристики'
787;'Специальное исполнение';'string';1;'Электротехнические характеристики'
800;'Диапазон напряжения катушки управления (В)';'string';1;'Электротехнические характеристики'
806;'Диапазон срабатывания при переменном напряжении (В)';'string';1;'Электротехнические характеристики'
807;'Диапазон срабатывания при постоянном напряжении (В)';'string';1;'Электротехнические характеристики'
340;'Предельная коммутационная способность переменного тока Icu при 220АС (кА)';'number';1;'Электротехнические характеристики'
415;'Предельная коммутационная способность переменного тока Icu при 10кВ АС (кА)';'number';1;'Электротехнические характеристики'
530;'Предельная коммутационная способность переменного тока Icu при 35кВ АС (кА)';'number';1;'Электротехнические характеристики'
531;'Предельная коммутационная способность переменного тока Icu при 20кВ АС (кА)';'number';1;'Электротехнические характеристики'
533;'Предельная коммутационная способность переменного тока Icu при 1,69кВ АС (кА)';'number';1;'Электротехнические характеристики'
534;'Предельная коммутационная способность переменного тока Icu при 1,25кВ АС (кА)';'number';1;'Электротехнические характеристики'
535;'Предельная коммутационная способность переменного тока Icu при 1кВ АС (кА)';'number';1;'Электротехнические характеристики'
536;'Предельная коммутационная способность переменного тока Icu при 690AC (кА)';'number';1;'Электротехнические характеристики'
537;'Предельная коммутационная способность переменного тока Icu при 660AС (кА)';'number';1;'Электротехнические характеристики'
538;'Предельная коммутационная способность переменного тока Icu при 500AС (кА)';'number';1;'Электротехнические характеристики'
539;'Предельная коммутационная способность переменного тока Icu при 400АС (кА)';'number';1;'Электротехнические характеристики'
541;'Предельная коммутационная способность постоянного тока Icu при 1кВ DС (кА)';'number';1;'Электротехнические характеристики'
542;'Предельная коммутационная способность постоянного тока Icu при 750DС (кА)';'number';1;'Электротехнические характеристики'
543;'Предельная коммутационная способность постоянного тока Icu при 600DС (кА)';'number';1;'Электротехнические характеристики'
544;'Предельная коммутационная способность постоянного тока Icu при 320DС (кА)';'number';1;'Электротехнические характеристики'
546;'Предельная коммутационная способность постоянного тока Icu при 160DС (кА)';'number';1;'Электротехнические характеристики'
547;'Предельная коммутационная способность постоянного тока Icu при 110DС (кА)';'number';1;'Электротехнические характеристики'
842;'Время номинально кратковременно выдерживаемого тока tcw (с)';'number';1;'Электротехнические характеристики'
843;'Номинальный кратковременно выдерживаемый ток Icw (А)';'number';1;'Электротехнические характеристики'
859;'Номинальная рабочая наибольшая отключающая способность переменного тока Ics при 230AC (кА)';'number';1;'Электротехнические характеристики'
860;'Номинальная рабочая наибольшая отключающая способность переменного тока Ics при 400AC (кА)';'number';1;'Электротехнические характеристики'
861;'Номинальная рабочая наибольшая отключающая способность переменного тока Ics при 690AC (кА)';'number';1;'Электротехнические характеристики'
862;'Предельная коммутационная способность переменного тока Icu при 230АС (кА)';'number';1;'Электротехнические характеристики'
880;'Механический счётчик циклов';'boolean';1;'Электротехнические характеристики'
881;'Катушка включения (В)';'string';1;'Электротехнические характеристики'
883;'Независимый расцепитель (В)';'string';1;'Электротехнические характеристики'
884;'Расцепитель минимального напряжения (В)';'string';1;'Электротехнические характеристики'
924;'Номинальный ток  главной цепи категории AC, In (А)';'number';1;'Электротехнические характеристики'
925;'Номинальный ток  главной цепи категории DC, In (А)';'number';1;'Электротехнические характеристики'
926;'Светодиодный индикатор наличия напряжения питания';'string';1;'Электротехнические характеристики'
927;'Механический индикатор состояния главных контактов';'boolean';1;'Электротехнические характеристики'
930;'Защитный диод в цепи катушки управления';'boolean';1;'Электротехнические характеристики'
931;'Возможность подключения дополнительного модуля';'boolean';1;'Электротехнические характеристики'
932;'Количество нормально разомкнутых (НО, NO, з) контактов';'number';1;'Электротехнические характеристики'
934;'Тип управления/переключения';'string';1;'Электротехнические характеристики'
935;'С принудительно управляемыми контактами';'boolean';1;'Электротехнические характеристики'
936;'В комплекте с розеткой (цоколем)';'boolean';1;'Электротехнические характеристики'
942;'Контакты наличия выходного напряжения';'boolean';1;'Электротехнические характеристики'
943;'Мощность, Вт';'number';1;'Электротехнические характеристики'
945;'Уставки рабочего тока расцепителя IR в кратности к номинальному току (IR/In)';'string';1;'Электротехнические характеристики'
946;'Уставки рабочего тока расцепителя IR (А)';'string';1;'Электротехнические характеристики'
947;'Уставки по времени срабатывания расцепителя при токе 6IR (с)';'string';1;'Электротехнические характеристики'
948;'Уставки по времени срабатывания расцепителя при токе 6IR с функцией тепловая память (с)';'string';1;'Электротехнические характеристики'
949;'Уставки по току срабатывания расцепителя в зоне короткого замыкания Isd в кратности к рабочему току (Isd/IR)';'string';1;'Электротехнические характеристики'
950;'Уставки по времени срабатывания расцепителя в зоне короткого замыкания tsd (с)';'string';1;'Электротехнические характеристики'
951;'Уставки по времени срабатывания расцепителя в зоне короткого замыкания tsd (I2t вкл.) (с)';'string';1;'Электротехнические характеристики'
952;'Уставки по току мгновенного срабатывания расцепителя Ii (А)';'string';1;'Электротехнические характеристики'
953;'Уставки по току мгновенного срабатывания расцепителя Ii в кратности к номинальному току (Ii/In)';'string';1;'Электротехнические характеристики'
954;'Уставки по току срабатывания расцепителя при однофазном коротком замыкании Ig в кратности к номинальному току (Ig/In)';'string';1;'Электротехнические характеристики'
955;'Уставки по току срабатывания расцепителя при однофазном коротком замыкании Ig (А)';'string';1;'Электротехнические характеристики'
956;'Уставки по времени срабатывания расцепителя при однофазном коротком замыкании tg (с)';'string';1;'Электротехнические характеристики'
957;'Уставки по времени срабатывания расцепителя при однофазном коротком замыкании tg (I2t вкл.) (с)';'string';1;'Электротехнические характеристики'
958;'Уставки по току срабатывания расцепителя при однофазном коротком замыкании Ig в кратности к рабочему току (Ig/Ir)';'string';1;'Электротехнические характеристики'
960;'Уставки по времени срабатывания расцепителя при токе 6IR с обратно кубической зависимостью (с)';'string';1;'Электротехнические характеристики'
962;'Яркость, кд/м2';'number';1;'Электротехнические характеристики'
963;'Максимальное разрешение, пикселей';'string';1;'Электротехнические характеристики'
964;'Тип дисплея';'string';1;'Электротехнические характеристики'
965;'Контрастность';'string';1;'Электротехнические характеристики'
966;'Максимальное количество цветов';'string';1;'Электротехнические характеристики'
967;'Тип подсветки';'string';1;'Электротехнические характеристики'
968;'Время наработки на отказ подсветки, ч';'number';1;'Электротехнические характеристики'
969;'Тип сенсорной системы';'string';1;'Электротехнические характеристики'
970;'COM-порт 1';'string';1;'Электротехнические характеристики'
971;'COM-порт 2';'string';1;'Электротехнические характеристики'
973;'Слот SD-карты памяти';'boolean';1;'Электротехнические характеристики'
974;'Количество слотов, шт. ';'number';1;'Электротехнические характеристики'
975;'Количество разъемов USB-host, шт.';'number';1;'Электротехнические характеристики'
976;'Напряжение питания постоянного тока, В';'string';1;'Электротехнические характеристики'
977;'Максимальная потребляемая мощность, Вт';'number';1;'Электротехнические характеристики'
980;'Оперативная память';'string';1;'Электротехнические характеристики'
981;'Память приложений и данных';'string';1;'Электротехнические характеристики'
982;'Тип встроенной батареи';'string';1;'Электротехнические характеристики'
983;'Процессор';'string';1;'Электротехнические характеристики'
984;'Наличие часов реального времени';'boolean';1;'Электротехнические характеристики'
988;'Относительная влажность эксплуатации,%';'string';1;'Электротехнические характеристики'
989;'Виброустойчивость в течение 30 мин.';'string';1;'Электротехнические характеристики'
990;'Программное обеспечение для конфигурирования';'string';1;'Электротехнические характеристики'
991;'Количество разъемов RJ-45 (Ethernet), шт. ';'number';1;'Электротехнические характеристики'
992;'Уставки по времени срабатывания расцепителя при однофазном коротком замыкании tg (I2t выкл.) (с)';'string';1;'Электротехнические характеристики'
1048;'Количество дискретных входов преобразователя';'number';1;'Электротехнические характеристики'
1049;'Количество дискретных выходов';'string';1;'Электротехнические характеристики'
1050;'Количество аналоговых входов';'string';1;'Электротехнические характеристики'
1051;'Количество аналоговых выходов';'string';1;'Электротехнические характеристики'
1052;'Номинальное напряжение питания, V DC';'number';1;'Электротехнические характеристики'
1008;'Диапазон измерения, °С';'string';1;'Электротехнические характеристики'
1074;'Пиковый ток, А';'number';1;'Электротехнические характеристики'
1076;'Номинальная мощность, Вт';'number';1;'Электротехнические характеристики'
1077;'Номинальная мощность, кВт';'number';1;'Электротехнические характеристики'
1078;'Номинальный ток, А';'number';1;'Электротехнические характеристики'
1079;'Номинальное напряжение, В';'number';1;'Электротехнические характеристики'
1093;'Тип управляющего элемента';'string';1;'Электротехнические характеристики'
1094;'Количество переключений';'string';1;'Электротехнические характеристики'
1096;'Тип основания';'string';1;'Электротехнические характеристики'
1275;'Номинальная мощность нагрузки (ВА)';'number';1;'Электротехнические характеристики'
1276;'Сетевой интерфейс';'string';1;'Электротехнические характеристики'
1278;'Тип выключателя';'string';1;'Электротехнические характеристики'
1279;'Номинальная компенсируемая реактивная мощность, квар';'number';1;'Электротехнические характеристики'
1280;'Номинальный компенсируемый ток, А';'number';1;'Электротехнические характеристики'
1282;'Тип электрической сети';'string';1;'Электротехнические характеристики'
1283;'Диапазон измерения коэффициэнта мощности';'string';1;'Электротехнические характеристики'
1290;'Предельный коммутируемый ток дискретного выхода';'string';1;'Электротехнические характеристики'
1291;'Диапазон коммутируемого напряжения дискретного выхода';'string';1;'Электротехнические характеристики'
1293;'Диапазон измерения, В';'string';1;'Электротехнические характеристики'
1294;'Диапазон измерения, А';'string';1;'Электротехнические характеристики'
1295;'Диапазон измерения, Гц';'string';1;'Электротехнические характеристики'
1296;'Диапазон измерения, кВт';'string';1;'Электротехнические характеристики'
1297;'Погрешность измерений, %';'number';1;'Электротехнические характеристики'
1298;'Тип акустического сигнала';'string';1;'Электротехнические характеристики'
1303;'Номинальные ток In (A) при AC-23B, Ue = 400AC';'number';1;'Электротехнические характеристики'
1304;'Номинальные ток In (A) при AC-22B, Ue = 500AC';'number';1;'Электротехнические характеристики'
1305;'Номинальные ток In (A) при AC-21B, Ue = 690AC';'number';1;'Электротехнические характеристики'
1321;'Категория горючести по ГОСТ 28157';'string';1;'Электротехнические характеристики'
1326;'Мощность, кВА';'number';1;'Электротехнические характеристики'
1327;'Номинальное напряжение сторон ВН, кВ';'number';1;'Электротехнические характеристики'
1328;'Номинальное напряжение сторон НН, кВ';'number';1;'Электротехнические характеристики'
1334;'Исполнение вводов ВН';'string';1;'Электротехнические характеристики'
1335;'Исполнение вводов НН';'string';1;'Электротехнические характеристики'
1336;'Напряжение КЗ (Uкз), %';'number';1;'Электротехнические характеристики'
1337;'Потери ХХ (Pхх), Вт';'number';1;'Электротехнические характеристики'
1338;'Потери КЗ при 75 °C (Pкз 75), Вт';'number';1;'Электротехнические характеристики'
1339;'Ток ХХ (Iхх), %';'number';1;'Электротехнические характеристики'
1340;'Уровень звукового давления, дБ (А)';'number';1;'Электротехнические характеристики'
1342;'Ток термической стойкости  кА/с';'string';1;'Электротехнические характеристики'
1343;'Номинальный ток отключения силового выключателя, кА';'number';1;'Электротехнические характеристики'
1346;'Номинальный рабочий ток Ie (A) при AC-21B, Ue = 690AC';'number';1;'Электротехнические характеристики'
1347;'Номинальный рабочий ток Ie (A) при AC-22B, Ue = 500AC';'number';1;'Электротехнические характеристики'
1348;'Номинальный рабочий ток Ie (A) при AC-23B, Ue = 400AC';'number';1;'Электротехнические характеристики'
1349;'Номинальный ток плавкой вставки In (A)';'number';1;'Электротехнические характеристики'
1350;'Максимальная рассеиваемая мощность плавкой вставки (Вт)';'number';1;'Электротехнические характеристики'
1352;'Номинальное рабочее напряжение Ue (В) при AC-23B';'number';1;'Электротехнические характеристики'
1399;'Для резки сетчатых кабельных лотков';'boolean';1;'Электротехнические характеристики'
1405;'Диаметр натяжного троса/кабеля, мм';'number';1;'Электротехнические характеристики'
1412;'Сила натяжения';'string';1;'Электротехнические характеристики'
1413;'Характеристика';'string';1;'Электротехнические характеристики'
1423;'С функцией зачистки/ снятия изоляции кабеля';'boolean';1;'Электротехнические характеристики'
1426;'Диаметр изоляции, мм';'string';1;'Электротехнические характеристики'
1427;'Диапазон зачистки по AWG';'string';1;'Электротехнические характеристики'
1428;'Диапазон поперечного сечения изоляции, кв.мм';'string';1;'Электротехнические характеристики'
1439;'Гидравлический режим работы';'boolean';1;'Электротехнические характеристики'
1440;'Механический режим работы';'boolean';1;'Электротехнические характеристики'
1442;'Форма отверстия';'string';1;'Электротехнические характеристики'
1452;'Тип инициирования';'string';1;'Электротехнические характеристики'
1457;'Момент затяжки';'string';1;'Электротехнические характеристики'
1460;'Электронный';'boolean';1;'Электротехнические характеристики'
1471;'Диапазон напряжения, В';'string';1;'Электротехнические характеристики'
1474;'Источник питания';'string';1;'Электротехнические характеристики'
1475;'Тип теста';'string';1;'Электротехнические характеристики'
1495;'Ударная прочность (код IK)';'string';1;'Электротехнические характеристики'
1499;'Номинальное напряжение кВ';'number';1;'Электротехнические характеристики'
1500;'номинальный ток термической стойкости кА';'number';1;'Электротехнические характеристики'
1141;'Количество рядов в корпусе';'number';6;'Монтажные характеристики'
1176;'Длина кабеля комплектного датчика, м';'number';6;'Монтажные характеристики'
1180;'Максимальная длина кабеля датчика, м';'number';6;'Монтажные характеристики'
52;'Способ крепления (монтажа)';'string';6;'Монтажные характеристики'
74;'Присоединение внешних проводников';'string';6;'Монтажные характеристики'
48;'Макс. сечение присоединяемых проводов (мм²)';'string';6;'Монтажные характеристики'
46;'Возможность самостоятельного подключения дополнительных устройств';'boolean';6;'Монтажные характеристики'
49;'Способ установки';'string';6;'Монтажные характеристики'
241;'Количество выводов выключателя для подключения';'number';6;'Монтажные характеристики'
181;'Макс. сечение присоединяемых шин (мм)';'string';6;'Монтажные характеристики'
185;'Макс. сечение присоединяемых медных шин (мм)';'string';6;'Монтажные характеристики'
244;'Вид присоединяемых проводников';'string';6;'Монтажные характеристики'
160;'Расположение плоскости присоединения внешних проводников';'string';6;'Монтажные характеристики'
79;'Расположение рукоятки ручного привода';'string';6;'Монтажные характеристики'
176;'Расположение проходных изоляторов';'string';6;'Монтажные характеристики'
228;'Цоколь';'string';6;'Монтажные характеристики'
278;'Положение заземляющего контакта';'string';6;'Монтажные характеристики'
297;'Тип подключения';'string';6;'Монтажные характеристики'
303;'Подходит для монтажа на DIN-рейку';'boolean';6;'Монтажные характеристики'
344;'С монтажной платой';'boolean';6;'Монтажные характеристики'
374;'Возможность напольного монтажа';'boolean';6;'Монтажные характеристики'
375;'Возможность настенного монтажа';'boolean';6;'Монтажные характеристики'
378;'Монтажная плата с регулировкой по глубине';'boolean';6;'Монтажные характеристики'
379;'Возможность состыковки друг с другом';'boolean';6;'Монтажные характеристики'
391;'Размер гаечного ключа';'number';6;'Монтажные характеристики'
398;'Тип резьбы';'string';6;'Монтажные характеристики'
481;'Конструктивное исполнение';'string';6;'Монтажные характеристики'
489;'Подходит для кабеля диаметром (мм)';'string';6;'Монтажные характеристики'
505;'Категория применения предохранителя';'string';6;'Монтажные характеристики'
507;'Форма просечек';'string';6;'Монтажные характеристики'
508;'Толщина (мм)';'number';6;'Монтажные характеристики'
515;'Ширина в количестве модулей';'number';6;'Монтажные характеристики'
524;'Глубина монтажная (встраиваемая) (мм)';'number';6;'Монтажные характеристики'
550;'Модульное исполнение';'boolean';6;'Монтажные характеристики'
574;'Установочный диаметр (мм)';'number';6;'Монтажные характеристики'
636;'Сечение одножильного жесткого провода (кв.мм)';'string';6;'Монтажные характеристики'
639;'Номинальное сечение (кв.мм)';'number';6;'Монтажные характеристики'
673;'Диаметр отверстия (мм)';'number';6;'Монтажные характеристики'
677;'Угол подключения';'string';6;'Монтажные характеристики'
682;'Высота проема';'number';6;'Монтажные характеристики'
683;'Ширина проема';'number';6;'Монтажные характеристики'
684;'Диаметр проема';'number';6;'Монтажные характеристики'
723;'Диаметр датчика (мм)';'number';6;'Монтажные характеристики'
742;'Поперечное сечение жилы (mm²)';'number';6;'Монтажные характеристики'
768;'Высота монтажной панели (мм)';'number';6;'Монтажные характеристики'
769;'Ширина монтажной панели (мм)';'number';6;'Монтажные характеристики'
770;'Сечение многожильного провода без наконечника (кв.мм)';'string';6;'Монтажные характеристики'
775;'Сечение многожильного провода с наконечником (кв.мм)';'string';6;'Монтажные характеристики'
797;'Мин. сечение присоединяемых проводов (мм²)';'string';6;'Монтажные характеристики'
798;'Материал подсоединяймых проводников';'string';6;'Монтажные характеристики'
1028;'Номин. поперечное сечение (медь) , мм2';'number';6;'Монтажные характеристики'
1029;'Номин. поперечное сечение (алюминий), мм3';'number';6;'Монтажные характеристики'
1032;'Номин. поперечное сечение (диапазон), мм2';'string';6;'Монтажные характеристики'
1045;'Длина кабеля, l (м)';'number';6;'Монтажные характеристики'
1445;'Высота отверстия, мм';'number';6;'Монтажные характеристики'
1252;'Выносная панель управления';'string';7;'Эксплуатационные характеристики'
1159;'Количество замыкающих с задержкой размыкания «NOА»';'number';7;'Эксплуатационные характеристики'
1160;'Количество размыкающих c опережением замыкания «NCD» ';'number';7;'Эксплуатационные характеристики'
155;'Климатическое исполнение и категория размещения';'string';7;'Эксплуатационные характеристики'
51;'Степень защиты (IP)';'string';7;'Эксплуатационные характеристики'
71;'Диапазон рабочих температур (˚С)';'string';7;'Эксплуатационные характеристики'
73;'Группа условий эксплуатации';'string';7;'Эксплуатационные характеристики'
70;'Категория применения по селективности';'string';7;'Эксплуатационные характеристики'
116;'Категория применения IEC и номинальный ток';'string';7;'Эксплуатационные характеристики'
82;'Механическая износостойкость (циклов "ВО")';'number';7;'Эксплуатационные характеристики'
200;'Гарантийный срок эксплуатации (лет)';'number';7;'Эксплуатационные характеристики'
211;'Средний срок службы (лет)';'number';7;'Эксплуатационные характеристики'
210;'Межповерочный интервал (лет)';'number';7;'Эксплуатационные характеристики'
212;'Средняя наработка на отказ (час)';'number';7;'Эксплуатационные характеристики'
308;'Рабочая высота, (м)';'number';7;'Эксплуатационные характеристики'
309;'Вибро-сейсмо стойкость';'string';7;'Эксплуатационные характеристики'
304;'Комплексная защита от замыканий на землю';'boolean';7;'Эксплуатационные характеристики'
348;'Подходит для применения вне помещений';'boolean';7;'Эксплуатационные характеристики'
421;'Подходит для установки вне помещений';'boolean';7;'Эксплуатационные характеристики'
447;'Класс негорючести изоляционного материала согласно UL94';'string';7;'Эксплуатационные характеристики'
526;'Степень загрязнения';'number';7;'Эксплуатационные характеристики'
731;'Категория взрывозащиты по газу (Директивы ATEX ЕС)';'string';7;'Эксплуатационные характеристики'
732;'Категория взрывозащиты по пыли (Директивы ATEX ЕС)';'string';7;'Эксплуатационные характеристики'
799;'Состав комплекта';'string';7;'Эксплуатационные характеристики'
827;'Ethernet';'boolean';7;'Эксплуатационные характеристики'
830;'Wi-Fi';'boolean';7;'Эксплуатационные характеристики'
831;'USB';'boolean';7;'Эксплуатационные характеристики'
839;'Подключение к ПК';'string';7;'Эксплуатационные характеристики'
911;'Срок службы (лет)';'number';7;'Эксплуатационные характеристики'
918;'Категория применения';'string';7;'Эксплуатационные характеристики'
985;'Тип охлаждения';'string';7;'Эксплуатационные характеристики'
986;'Температура эксплуатации, °С';'string';7;'Эксплуатационные характеристики'
987;'Температура хранения, °С';'string';7;'Эксплуатационные характеристики'
1016;'Длина шины (мм)';'number';7;'Эксплуатационные характеристики'
1017;'Высота шины (мм)';'number';7;'Эксплуатационные характеристики'
1018;'Ширина шины(мм)';'number';7;'Эксплуатационные характеристики'
1022;'Диаметр резьбы монтажного винта';'string';7;'Эксплуатационные характеристики'
1034;'Стойкость к УФ-излучению';'boolean';7;'Эксплуатационные характеристики'
1036;'Прочность на разрыв, кг ';'number';7;'Эксплуатационные характеристики'
1038;'Не содержит (без) галогенов';'boolean';7;'Эксплуатационные характеристики'
1043;'Диаметр центрального отверстия, D (мм)';'number';7;'Эксплуатационные характеристики'
1044;'Температура окружающей среды °С';'string';7;'Эксплуатационные характеристики'
1269;'Закрытие пустых модулей';'number';7;'Эксплуатационные характеристики'
1270;'Модульная ширина (применяемость в корпусах с количеством модулей)';'string';7;'Эксплуатационные характеристики'
1281;'Типоисполнение';'string';7;'Эксплуатационные характеристики'
1284;'Степень защиты корпуса (IP)';'string';7;'Эксплуатационные характеристики'
1285;'Запись осцилограмм';'boolean';7;'Эксплуатационные характеристики'
1286;'Фунцкия программируемого реле';'boolean';7;'Эксплуатационные характеристики'
1287;'Работа в режиме индикатора';'boolean';7;'Эксплуатационные характеристики'
1288;'Технический учет энергии';'boolean';7;'Эксплуатационные характеристики'
1289;'Возможность изменения коэффициента трансформации';'boolean';7;'Эксплуатационные характеристики'
1300;'Размер упаковочного ярлыка (для печати)(Не исп)';'string';7;'Эксплуатационные характеристики'
1319;'Толщина устанавливаемой шины, мм';'string';7;'Эксплуатационные характеристики'
1320;'Ширина устанавливаемой шины, мм';'string';7;'Эксплуатационные характеристики'
1322;'Включено в реестр промышленной продукции РФ';'boolean';7;'Эксплуатационные характеристики'
1329;'Материал обмоток ВН и НН';'string';7;'Эксплуатационные характеристики'
1331;'Класс энергоэффективности';'string';7;'Эксплуатационные характеристики'
1332;'Класс нагревостойкости';'string';7;'Эксплуатационные характеристики'
1333;'Сейсмостойкость по MSK-64';'string';7;'Эксплуатационные характеристики'
1341;'Степень защиты бака с элегазом (IP)';'string';7;'Эксплуатационные характеристики'
1400;'Исполнение/управление';'string';7;'Эксплуатационные характеристики'
1402;'Подходит для болтов максимального диаметра, мм';'number';7;'Эксплуатационные характеристики'
1403;'Сменные режущие лезвия';'boolean';7;'Эксплуатационные характеристики'
1404;'Исполнение';'string';7;'Эксплуатационные характеристики'
1406;'Количество кабелей';'number';7;'Эксплуатационные характеристики'
1408;'Максимальный внутренний диаметр кабельного кольца, мм';'number';7;'Эксплуатационные характеристики'
1409;'Максимальный наружний диаметр кабельного кольца, мм';'number';7;'Эксплуатационные характеристики'
1414;'Ширина кабельной стяжки, мм';'string';7;'Эксплуатационные характеристики'
1417;'Подходит для многожильных (многопроволочных) проводников';'boolean';7;'Эксплуатационные характеристики'
1418;'Подходит для оплетки из стальной проволоки';'boolean';7;'Эксплуатационные характеристики'
1419;'Подходит для сплошных (однопроволочных) жил';'boolean';7;'Эксплуатационные характеристики'
1420;'Подходит для тонкожильных (многопроволочных) проводников';'boolean';7;'Эксплуатационные характеристики'
1422;'С защитой от удара';'boolean';7;'Эксплуатационные характеристики'
1424;'Сменная режущая головка';'boolean';7;'Эксплуатационные характеристики'
1429;'Регулировка длины снятия изоляции';'boolean';7;'Эксплуатационные характеристики'
1430;'Изолирован';'boolean';7;'Эксплуатационные характеристики'
1431;'Изоляционная защита до 1000 В';'boolean';7;'Эксплуатационные характеристики'
1432;'С анкером/дюбелем';'boolean';7;'Эксплуатационные характеристики'
1433;'Изогнутый';'boolean';7;'Эксплуатационные характеристики'
1434;'Искробезопасное исполнение';'boolean';7;'Эксплуатационные характеристики'
1435;'Модель с трещоткой';'boolean';7;'Эксплуатационные характеристики'
1436;'Назначение/область применения';'string';7;'Эксплуатационные характеристики'
1438;'Форма опрессовки';'string';7;'Эксплуатационные характеристики'
1441;'Обрабатываемый материал';'string';7;'Эксплуатационные характеристики'
1447;'С блокиратором (для механического инструмента)';'boolean';7;'Эксплуатационные характеристики'
1448;'С отрезным устройством';'boolean';7;'Эксплуатационные характеристики'
1449;'Количество ступенек';'number';7;'Эксплуатационные характеристики'
1450;'Количество элементов/секций';'number';7;'Эксплуатационные характеристики'
1451;'Несущая способность, кг';'number';7;'Эксплуатационные характеристики'
1454;'Общее количество инструментов/предметов';'number';7;'Эксплуатационные характеристики'
1456;'Исполнение в виде отвертки';'boolean';7;'Эксплуатационные характеристики'
1459;'Со шкалой';'boolean';7;'Эксплуатационные характеристики'
1461;'С плавающей платформой';'boolean';7;'Эксплуатационные характеристики'
1464;'Форма лезвия';'string';7;'Эксплуатационные характеристики'
1466;'Немагнитный материал';'boolean';7;'Эксплуатационные характеристики'
1469;'Длина стержня с жалом, мм';'number';7;'Эксплуатационные характеристики'
1470;'Размер';'number';7;'Эксплуатационные характеристики'
1476;'Тип шарнира';'string';7;'Эксплуатационные характеристики'
1477;'С режущей кромкой';'boolean';7;'Эксплуатационные характеристики'
1481;'С плечевой лямкой';'boolean';7;'Эксплуатационные характеристики'
1482;'Серьга висячего замка';'boolean';7;'Эксплуатационные характеристики'
1484;'Наличие платформы';'boolean';7;'Эксплуатационные характеристики'
1485;'Подъем с двух сторон';'boolean';7;'Эксплуатационные характеристики'
1486;'Подходит для опрессовки';'boolean';7;'Эксплуатационные характеристики'
1487;'Подходит для пробивания отверстий';'boolean';7;'Эксплуатационные характеристики'
1488;'Подходит для резки';'boolean';7;'Эксплуатационные характеристики'
1489;'Подходит для стекловолокна';'boolean';7;'Эксплуатационные характеристики'
1490;'Размер резьбы со стороны привода';'number';7;'Эксплуатационные характеристики'
1491;'Размер резьбы со стороны пуансона';'number';7;'Эксплуатационные характеристики'
1493;'Вид корпуса';'string';7;'Эксплуатационные характеристики'
1494;'Назначение корпуса';'string';7;'Эксплуатационные характеристики'
1502;'Знак РСТ';'boolean';7;'Эксплуатационные характеристики'
1503;'Знак "верх" и "осторожно хрупкое"';'boolean';7;'Эксплуатационные характеристики'
1208;'Способ соединения вторичных цепей';'string';5;'Дополнительные особенности'
1203;'Блокирующий электромагнит перемещения выкатного элемента';'boolean';5;'Дополнительные особенности'
1209;'Обрамление';'boolean';5;'Дополнительные особенности'
1204;'Реле защиты от повторного включения';'boolean';5;'Дополнительные особенности'
1201;'Вид привода';'string';5;'Дополнительные особенности'
1205;'Шунтовая катушка отключения';'string';5;'Дополнительные особенности'
1206;'Катушка блокировки включения выключателя при отсутствии оперативного питания';'boolean';5;'Дополнительные особенности'
1207;'Способ заземления';'string';5;'Дополнительные особенности'
105;'Стандарт российский (ГОСТ, ТУ)';'string';5;'Дополнительные особенности'
339;'Ручное управление';'boolean';5;'Дополнительные особенности'
310;'Класс испытаний';'string';5;'Дополнительные особенности'
150;'Тип поверхности корпуса';'string';5;'Дополнительные особенности'
151;'Тип крыши';'string';5;'Дополнительные особенности'
317;'Конфигурация системы заземления TN-C';'boolean';5;'Дополнительные особенности'
315;'Конфигурация системы заземления TN-S';'boolean';5;'Дополнительные особенности'
168;'Цвет дверцы';'string';5;'Дополнительные особенности'
316;'Конфигурация системы заземления TT';'boolean';5;'Дополнительные особенности'
280;'Вид изделия';'string';5;'Дополнительные особенности'
135;'Назначение использования';'string';5;'Дополнительные особенности'
311;'Защищаемые проводники L/N';'boolean';5;'Дополнительные особенности'
312;'Защищаемые проводники L/PE';'boolean';5;'Дополнительные особенности'
314;'Защищаемые проводники L/PEN';'boolean';5;'Дополнительные особенности'
313;'Защищаемые проводники N/PE';'boolean';5;'Дополнительные особенности'
326;'С контактом удаленной сигнализации';'boolean';5;'Дополнительные особенности'
298;'Тип элемента управления';'string';5;'Дополнительные особенности'
327;'С индикатором состояния износа';'boolean';5;'Дополнительные особенности'
328;'С функцией гашения остаточного тока';'boolean';5;'Дополнительные особенности'
72;'Дополнительное оборудование';'string';5;'Дополнительные особенности'
44;'Дополнительный расцепитель';'string';5;'Дополнительные особенности'
286;'Подходит для монтажа в горизонтальной плоскости';'boolean';5;'Дополнительные особенности'
242;'Пригоден в качестве предохранительного выключателя';'boolean';5;'Дополнительные особенности'
186;'Межполюсное расстояние (мм)';'number';5;'Дополнительные особенности'
157;'Вид рукоятки';'string';5;'Дополнительные особенности'
81;'Исполнение рукоятки';'string';5;'Дополнительные особенности'
134;'Номер электрической схемы и диаграммы переключений';'string';5;'Дополнительные особенности'
142;'Количество модулей DIN';'number';5;'Дополнительные особенности'
187;'Наличие изоляционной плиты';'boolean';5;'Дополнительные особенности'
143;'Тип корпуса';'string';5;'Дополнительные особенности'
152;'Количество дверей';'number';5;'Дополнительные особенности'
164;'Межшинное расстояние (мм)';'number';5;'Дополнительные особенности'
166;'Подходит для фронтального монтажа';'boolean';5;'Дополнительные особенности'
229;'Толкатель';'string';5;'Дополнительные особенности'
289;'Наличие вспомогательных контактов сигнализации';'boolean';5;'Дополнительные особенности'
296;'Замок-карабин';'boolean';5;'Дополнительные особенности'
299;'Возможность установки индикатора отключения';'boolean';5;'Дополнительные особенности'
306;'Моторный привод встроенный';'boolean';5;'Дополнительные особенности'
307;'Моторный привод (дополнительно)';'boolean';5;'Дополнительные особенности'
302;'Тип ручки';'string';5;'Дополнительные особенности'
346;'Возможно расширение';'boolean';5;'Дополнительные особенности'
169;'Количество коммутационных положений';'number';5;'Дополнительные особенности'
300;'Пригоден в качестве устройства аварийной остановки';'boolean';5;'Дополнительные особенности'
342;'Исполнение контактора';'string';5;'Дополнительные особенности'
343;'Номер цвета RAL';'number';5;'Дополнительные особенности'
349;'Подходит для молниезащиты';'boolean';5;'Дополнительные особенности'
356;'Цвет';'string';5;'Дополнительные особенности'
365;'Перфорированный (-ая)';'boolean';5;'Дополнительные особенности'
366;'Модель/исполнение';'string';5;'Дополнительные особенности'
380;'Тип поверхности';'string';5;'Дополнительные особенности'
383;'Наличие заземляющих ножей';'boolean';5;'Дополнительные особенности'
385;'Навесной замок';'boolean';5;'Дополнительные особенности'
396;'Тип уплотнения';'string';5;'Дополнительные особенности'
397;'Пригоден в качестве сервисного выключателя';'boolean';5;'Дополнительные особенности'
402;'С контргайкой';'boolean';5;'Дополнительные особенности'
465;'Компактная версия выключателя-разъединителя';'boolean';5;'Дополнительные особенности'
482;'Форма';'string';5;'Дополнительные особенности'
516;'Выдвижная верхняя часть';'boolean';5;'Дополнительные особенности'
522;'Тип индикатора срабатывания';'string';5;'Дополнительные особенности'
548;'Подходит для установки в распределительный щит';'boolean';5;'Дополнительные особенности'
560;'С интегрированным вспомогательным переключателем';'boolean';5;'Дополнительные особенности'
561;'С встроенным расцепителем пониженного напряжения';'boolean';5;'Дополнительные особенности'
563;'Сигнализация положения выключателя в корзине';'boolean';5;'Дополнительные особенности'
564;'Наличие минимального расцепителя';'boolean';5;'Дополнительные особенности'
565;'Конденсаторный источник питания';'boolean';5;'Дополнительные особенности'
566;'Замок внутренней установки';'boolean';5;'Дополнительные особенности'
567;'Защитные шторки';'boolean';5;'Дополнительные особенности'
571;'Количество пакетов';'number';5;'Дополнительные особенности'
573;'Тип лампы';'string';5;'Дополнительные особенности'
575;'Способ установки электросчетчика';'string';5;'Дополнительные особенности'
584;'Подходит для промежуточного монтажа';'boolean';5;'Дополнительные особенности'
585;'Взаимоблокирующий (-ая)';'boolean';5;'Дополнительные особенности'
588;'Подходит для монтажа на передней стенке, 4 отверстия';'boolean';5;'Дополнительные особенности'
590;'Комплектное устройство в корпусе';'boolean';5;'Дополнительные особенности'
591;'Номинальный режим эксплуатации';'string';5;'Дополнительные особенности'
592;'Тип защитного элемента';'string';5;'Дополнительные особенности'
594;'С прозрачной крышкой';'boolean';5;'Дополнительные особенности'
599;'Со съемными зажимами';'boolean';5;'Дополнительные особенности'
600;'Контроль минимального однофазного напряжения';'boolean';5;'Дополнительные особенности'
601;'Контроль максимального однофазного напряжения';'boolean';5;'Дополнительные особенности'
602;'Контроль максимального трехфазного напряжения';'boolean';5;'Дополнительные особенности'
603;'Функция гитерезиса для однофазного напряжения';'boolean';5;'Дополнительные особенности'
604;'Функция гистерезиса для трехфазного напряжения';'boolean';5;'Дополнительные особенности'
605;'Контроль минимального напряжения при постоянном токе';'boolean';5;'Дополнительные особенности'
606;'Контроль максимального напряжения при постоянном токе';'boolean';5;'Дополнительные особенности'
607;'Функция гистерезиса для напряжения при постоянном токе';'boolean';5;'Дополнительные особенности'
610;'Максимальная задержка на включение';'number';5;'Дополнительные особенности'
611;'Минимальная задержка на включение';'number';5;'Дополнительные особенности'
612;'Максимальная задержка на отключение';'number';5;'Дополнительные особенности'
613;'Минимальная задержка на отключение';'number';5;'Дополнительные особенности'
615;'Контроль минимального трехфазного напряжения';'boolean';5;'Дополнительные особенности'
616;'Со штепсельным разъемом';'boolean';5;'Дополнительные особенности'
617;'Наличие встроенных элементов (контактов для патронов)';'string';5;'Дополнительные особенности'
618;'Возможно дистанционное управление';'boolean';5;'Дополнительные особенности'
619;'Подходит только для дистанционного управления';'boolean';5;'Дополнительные особенности'
621;'С полупроводниковым выходом';'boolean';5;'Дополнительные особенности'
622;'Функция задержки на включение';'boolean';5;'Дополнительные особенности'
623;'Подключение Звезда-Треугольник';'boolean';5;'Дополнительные особенности'
624;'Временной диапазон (с)';'string';5;'Дополнительные особенности'
625;'Функция задержки на отключение';'boolean';5;'Дополнительные особенности'
626;'Импульсное устройство';'boolean';5;'Дополнительные особенности'
627;'Сменный блок дополнительных контактов';'boolean';5;'Дополнительные особенности'
640;'Покрытие каркаса';'string';5;'Дополнительные особенности'
669;'Возможно измерение между фазами';'boolean';5;'Дополнительные особенности'
670;'Возможно измерение между фазой и нейтралью';'boolean';5;'Дополнительные особенности'
671;'С нейтральной позицией (ОТКЛ)';'boolean';5;'Дополнительные особенности'
672;'С блоком управления';'boolean';5;'Дополнительные особенности'
674;'Функция переключения с фиксацией';'boolean';5;'Дополнительные особенности'
675;'С возвратной пружиной';'boolean';5;'Дополнительные особенности'
676;'Ввод для трубы';'boolean';5;'Дополнительные особенности'
679;'С защитой от прикосновения';'boolean';5;'Дополнительные особенности'
680;'С медной шиной';'boolean';5;'Дополнительные особенности'
681;'Калиброванный';'boolean';5;'Дополнительные особенности'
686;'Поддержка протокола LON';'boolean';5;'Дополнительные особенности'
687;'Количество HW-интерфейсов RS-485';'number';5;'Дополнительные особенности'
688;'Поддержка протокола TCP/IP';'boolean';5;'Дополнительные особенности'
689;'Поддержка протокола ASI';'boolean';5;'Дополнительные особенности'
690;'Поддержка протокола PROFIBUS';'boolean';5;'Дополнительные особенности'
691;'Поддержка протокола CAN';'boolean';5;'Дополнительные особенности'
692;'Поддержка протокола INTERBUS';'boolean';5;'Дополнительные особенности'
693;'Поддержка протокола KNX';'boolean';5;'Дополнительные особенности'
694;'Поддержка протокола MODBUS';'boolean';5;'Дополнительные особенности'
695;'Поддержка протокола Data-Highway';'boolean';5;'Дополнительные особенности'
696;'Поддержка протокола DeviceNet';'boolean';5;'Дополнительные особенности'
697;'Поддержка протокола SUCONET';'boolean';5;'Дополнительные особенности'
698;'С возможностью подключения ПК (персонального компьютера)';'boolean';5;'Дополнительные особенности'
699;'Поддержка протокола SERCOS';'boolean';5;'Дополнительные особенности'
700;'Поддержка протокола INTERBUS-Safety';'boolean';5;'Дополнительные особенности'
701;'Количество выходных фаз';'number';5;'Дополнительные особенности'
702;'Количество входных фаз';'number';5;'Дополнительные особенности'
703;'Допускается применение в промышленной зоне';'boolean';5;'Дополнительные особенности'
704;'Допускается применение в жилой и коммерческой зоне';'boolean';5;'Дополнительные особенности'
707;'Поддержка протокола AS-Interface Safety at Work';'boolean';5;'Дополнительные особенности'
708;'Поддержка протокола DeviceNet Safety';'boolean';5;'Дополнительные особенности'
709;'Поддержка протокола Ethernet/IP';'boolean';5;'Дополнительные особенности'
710;'Поддержка протокола Foundation Fieldbus';'boolean';5;'Дополнительные особенности'
711;'Поддержка протокола PROFINET CBA';'boolean';5;'Дополнительные особенности'
712;'Поддержка протокола PROFINET IO';'boolean';5;'Дополнительные особенности'
713;'Поддержка протокола PROFIsafe';'boolean';5;'Дополнительные особенности'
714;'Поддержка протокола SafetyBUS p';'boolean';5;'Дополнительные особенности'
715;'С встроенными тормозными сопротивлениями';'boolean';5;'Дополнительные особенности'
725;'Исполнение интерфейса';'string';5;'Дополнительные особенности'
726;'Версия интерфейса для безопасной связи';'string';5;'Дополнительные особенности'
727;'Конструкция корпуса';'string';5;'Дополнительные особенности'
728;'Покрытие корпуса';'string';5;'Дополнительные особенности'
729;'Ориентация исполнительного механизма';'string';5;'Дополнительные особенности'
730;'Подходит для систем безопасности';'boolean';5;'Дополнительные особенности'
735;'Тип адаптера на DIN-рейку';'string';5;'Дополнительные особенности'
740;'Устанавливается на устройство';'string';5;'Дополнительные особенности'
741;'Тип оборудования';'string';5;'Дополнительные особенности'
743;'Подходит для автоматического выключателя защиты двигателя';'boolean';5;'Дополнительные особенности'
744;'Подходит для силового выключателя';'boolean';5;'Дополнительные особенности'
745;'С откидной крышкой';'boolean';5;'Дополнительные особенности'
746;'Со шторками (защита от прикосновения)';'boolean';5;'Дополнительные особенности'
747;'С перчаткой в комплекте';'boolean';5;'Дополнительные особенности'
748;'Запираемый (-ая)';'boolean';5;'Дополнительные особенности'
749;'С осью';'boolean';5;'Дополнительные особенности'
750;'Подходит для выключателя-разъединителя';'boolean';5;'Дополнительные особенности'
771;'Тип используемого предохранителя';'string';5;'Дополнительные особенности'
776;'Требуется торцевая изолирующая пластина';'boolean';5;'Дополнительные особенности'
804;'Втычное исполнение';'boolean';5;'Дополнительные особенности'
815;'Второй независимый расцепитель';'string';5;'Дополнительные особенности'
816;'Контакт готовности к включению';'boolean';5;'Дополнительные особенности'
857;'Золотой знак качества';'boolean';5;'Дополнительные особенности'
1061;'Сегмент РЖД';'boolean';5;'Дополнительные особенности'
1072;'Блокировка кнопок ВКЛ/ОТКЛ навесным замком';'boolean';5;'Дополнительные особенности'
1421;'Проверено VDE';'boolean';5;'Дополнительные особенности'
1444;'Щелевой пробойник';'boolean';5;'Дополнительные особенности'
1446;'С автоматическим возвратом';'boolean';5;'Дополнительные особенности'
1453;'Количество шлицевых отверток SL (под прямой шлиц)';'number';5;'Дополнительные особенности'
1462;'Складной';'boolean';5;'Дополнительные особенности'
1463;'Со скребком';'boolean';5;'Дополнительные особенности'
1472;'Индикация';'string';5;'Дополнительные особенности'
1473;'Индикация напряжения';'string';5;'Дополнительные особенности'
1483;'Яркокрасный';'boolean';5;'Дополнительные особенности'
1504;'Тип клеммного блока';'string';5;'Дополнительные особенности'
