Наименование;Артикул
Выключатель АК50Б-2МОМ3, 50Гц, 31,5А, 12Iн, ТУ16-522.136-78;104675
Выключатель АК50Б-2МОМ3, 50Гц, 31,5А, 12Iн, условие - 01, ТУ16-522.136-78;104674
Выключатель АК50Б-2МОМ3, 50Гц, 40А, 12Iн, ТУ16-522.136-78;104678
Выключатель АК50Б-2МОМ3, 50Гц, 40А, 12Iн, условие - 01, ТУ16-522.136-78;104677
Выключатель АК50Б-2МОМ3, 50Гц, 50А, 12Iн, ТУ16-522.136-78;227709
Выключатель АК50Б-2МОМ3, 50Гц, 1А, 6Iн, ТУ16-522.136-78;104680
Выключатель АК50Б-2МОМ3, 50Гц, 1А, 6Iн, условие - 01, ТУ16-522.136-78;104681
Выключатель АК50Б-2МОМ3, 50Гц, 10А, 6Iн, ТУ16-522.136-78;104688
Выключатель АК50Б-2МОМ3, 50Гц, 10А, 6Iн, условие - 01, ТУ16-522.136-78;104687
Выключатель АК50Б-2МОМ3, 50Гц, 16А, 6Iн, ТУ16-522.136-78;104690
Выключатель АК50Б-2МОМ3, 50Гц, 16А, 6Iн, условие - 01, ТУ16-522.136-78;104691
Выключатель АК50Б-2МОМ3, 50Гц, 2А, 6Iн, ТУ16-522.136-78;104697
Выключатель АК50Б-2МОМ3, 50Гц, 2А, 6Iн, условие - 01, ТУ16-522.136-78;104696
Выключатель АК50Б-2МОМ3, 50Гц, 20А, 6Iн, ТУ16-522.136-78;104704
Выключатель АК50Б-2МОМ3, 50Гц, 20А, 6Iн, условие - 01, ТУ16-522.136-78;104703
Выключатель АК50Б-2МОМ3, 50Гц, 25А, 6Iн, ТУ16-522.136-78;104706
Выключатель АК50Б-2МОМ3, 50Гц, 25А, 6Iн, условие - 01, ТУ16-522.136-78;104707
Выключатель АК50Б-2МОМ3, 50Гц, 31,5А, 6Iн, ТУ16-522.136-78;104713
Выключатель АК50Б-2МОМ3, 50Гц, 31,5А, 6Iн, условие - 01, ТУ16-522.136-78;104712
Выключатель АК50Б-2МОМ3, 50Гц, 4А, 6Iн, ТУ16-522.136-78;104714
Выключатель АК50Б-2МОМ3, 50Гц, 4А, 6Iн, условие - 01, ТУ16-522.136-78;104715
Выключатель АК50Б-2МОМ3, 50Гц, 40А, 6Iн, ТУ16-522.136-78;104721
Выключатель АК50Б-2МОМ3, 50Гц, 40А, 6Iн, условие - 01, ТУ16-522.136-78;104722
Выключатель АК50Б-2МОМ3, 50Гц, 5А, 6Iн, ТУ16-522.136-78;104729
Выключатель АК50Б-2МОМ3, 50Гц, 5А, 6Iн, условие - 01, ТУ16-522.136-78;104728
Выключатель АК50Б-2МОМ3, 50Гц, 50А, 6Iн, ТУ16-522.136-78;104730
Выключатель АК50Б-2МОМ3, 50Гц, 50А, 6Iн, условие - 01, ТУ16-522.136-78;104731
Выключатель АК50Б-2МОМ3, 50Гц, 6,3А, 6Iн, ТУ16-522.136-78;104736
Выключатель АК50Б-2МОМ3, 50Гц, 6,3А, 6Iн, условие - 01, ТУ16-522.136-78;104737
Выключатель АК50Б-2МОМ3, 50Гц, 8А, 6Iн, ТУ16-522.136-78;104738
Выключатель АК50Б-2МОМ3, 50Гц, 8А, 6Iн, условие - 01, ТУ16-522.136-78;104739
Выключатель АК50Б-2МОМ2, 50Гц, 10А, 6Iн, IP54 (с кабельными вводами), ТУ16-522.136-78;286796
Выключатель АК50Б-2МОМ2, 50Гц, 40А, 6Iн, IP54 (с кабельными вводами), ТУ16-522.136-78;104747
Выключатель АК50Б-2МОМ2, 50Гц, 50А, 6Iн, IP54 (с кабельными вводами), ТУ16-522.136-78;286474
Выключатель АК50Б-2МОМ2, 50Гц, 16А, 6Iн, IP54 (с сальниками), условие - 01, ТУ16-522.136-78;144175
Выключатель АК50Б-2МОМ2, 50Гц, 25А, 6Iн, IP54 (с сальниками), ТУ16-522.136-78;222773
Выключатель АК50Б-2МОМ2, 50Гц, 40А, 6Iн, IP54 (с сальниками), ТУ16-522.136-78;104752
Выключатель АК50Б-2МОМ2, 50Гц, 50А, 6Iн, IP54 (с сальниками), ТУ16-522.136-78;104753
Выключатель АК50Б-2МОМ3, постоянный, 1А, 6Iн, ТУ16-522.136-78;104758
Выключатель АК50Б-2МОМ3, постоянный, 1А, 6Iн, условие - 01, ТУ16-522.136-78;104757
Выключатель АК50Б-2МОМ3, постоянный, 10А, 6Iн, ТУ16-522.136-78;104759
Выключатель АК50Б-2МОМ3, постоянный, 10А, 6Iн, условие - 01, ТУ16-522.136-78;104760
Выключатель АК50Б-2МОМ3, постоянный, 16А, 6Iн, ТУ16-522.136-78;104764
Выключатель АК50Б-2МОМ3, постоянный, 16А, 6Iн, условие - 01, ТУ16-522.136-78;231178
Выключатель АК50Б-2МОМ3, постоянный, 2А, 6Iн, ТУ16-522.136-78;104766
Выключатель АК50Б-2МОМ3, постоянный, 2А, 6Iн, условие - 01, ТУ16-522.136-78;104767
Выключатель АК50Б-2МОМ3, постоянный, 20А, 6Iн, ТУ16-522.136-78;104771
Выключатель АК50Б-2МОМ3, постоянный, 20А, 6Iн, условие - 01, ТУ16-522.136-78;104772
Выключатель АК50Б-2МОМ3, постоянный, 25А, 6Iн, ТУ16-522.136-78;104775
Выключатель АК50Б-2МОМ3, постоянный, 25А, 6Iн, условие - 01, ТУ16-522.136-78;104776
Выключатель АК50Б-2МОМ3, постоянный, 31,5А, 6Iн, ТУ16-522.136-78;104778
Выключатель АК50Б-2МОМ3, постоянный, 31,5А, 6Iн, условие - 01, ТУ16-522.136-78;104779
Выключатель АК50Б-2МОМ3, постоянный, 4А, 6Iн, ТУ16-522.136-78;104782
Выключатель АК50Б-2МОМ3, постоянный, 4А, 6Iн, условие - 01, ТУ16-522.136-78;104783
Выключатель АК50Б-2МОМ3, постоянный, 40А, 6Iн, ТУ16-522.136-78;104787
Выключатель АК50Б-2МОМ3, постоянный, 40А, 6Iн, условие - 01, ТУ16-522.136-78;104788
Выключатель АК50Б-2МОМ3, постоянный, 5А, 6Iн, ТУ16-522.136-78;104792
Выключатель АК50Б-2МОМ3, постоянный, 5А, 6Iн, условие - 01, ТУ16-522.136-78;140358
Выключатель АК50Б-2МОМ3, постоянный, 50А, 6Iн, ТУ16-522.136-78;104796
Выключатель АК50Б-2МОМ3, постоянный, 50А, 6Iн, условие - 01, ТУ16-522.136-78;104797
Выключатель АК50Б-2МОМ3, постоянный, 6,3А, 6Iн, ТУ16-522.136-78;104799
Выключатель АК50Б-2МОМ3, постоянный, 6,3А, 6Iн, условие - 01, ТУ16-522.136-78;104800
Выключатель АК50Б-2МОМ3, постоянный, 8А, 6Iн, условие - 01, ТУ16-522.136-78;115010
Выключатель АК50Б-2МОМ3, постоянный, 8А, 6Iн, ТУ16-522.136-78;228449
Выключатель АК50Б-2МОМ2, постоянный, 50А, 6Iн, IP54 (с кабельными вводами), ТУ16-522.136-78;104804
Выключатель АК50Б-2МОМ2, постоянный, 16А, 6Iн, IP54 (с сальниками), ТУ16-522.136-78;145526
Выключатель АК50Б-2МОМ2, постоянный, 40А, 6Iн, IP54 (с сальниками), ТУ16-522.136-78;227929
Выключатель АК50Б-2МОМ2, постоянный, 50А, 6Iн, IP54 (с сальниками), ТУ16-522.136-78;104806
Выключатель АК50Б-2МГОМ3, 50Гц, 1А, 12Iн, ТУ16-522.136-78;104809
Выключатель АК50Б-2МГОМ3, 50Гц, 1А, 12Iн, условие - 01, ТУ16-522.136-78;104810
Выключатель АК50Б-2МГОМ3, 50Гц, 10А, 12Iн, ТУ16-522.136-78;104817
Выключатель АК50Б-2МГОМ3, 50Гц, 10А, 12Iн, условие - 01, ТУ16-522.136-78;104816
Выключатель АК50Б-2МГОМ3, 50Гц, 16А, 12Iн, ТУ16-522.136-78;104824
Выключатель АК50Б-2МГОМ3, 50Гц, 16А, 12Iн, условие - 01, ТУ16-522.136-78;104823
Выключатель АК50Б-2МГОМ3, 50Гц, 2А, 12Iн, ТУ16-522.136-78;104832
Выключатель АК50Б-2МГОМ3, 50Гц, 2А, 12Iн, условие - 01, ТУ16-522.136-78;104831
Выключатель АК50Б-2МГОМ3, 50Гц, 20А, 12Iн, ТУ16-522.136-78;104839
Выключатель АК50Б-2МГОМ3, 50Гц, 20А, 12Iн, условие - 01, ТУ16-522.136-78;104838
Выключатель АК50Б-2МГОМ3, 50Гц, 25А, 12Iн, ТУ16-522.136-78;104843
Выключатель АК50Б-2МГОМ3, 50Гц, 25А, 12Iн, условие - 01, ТУ16-522.136-78;104842
Выключатель АК50Б-2МГОМ3, 50Гц, 31,5А, 12Iн, ТУ16-522.136-78;104848
Выключатель АК50Б-2МГОМ3, 50Гц, 31,5А, 12Iн, условие - 01, ТУ16-522.136-78;104847
Выключатель АК50Б-2МГОМ3, 50Гц, 4А, 12Iн, ТУ16-522.136-78;104850
Выключатель АК50Б-2МГОМ3, 50Гц, 4А, 12Iн, условие - 01, ТУ16-522.136-78;104849
Выключатель АК50Б-2МГОМ3, 50Гц, 40А, 12Iн, ТУ16-522.136-78;104856
Выключатель АК50Б-2МГОМ3, 50Гц, 40А, 12Iн, условие - 01, ТУ16-522.136-78;104857
Выключатель АК50Б-2МГОМ3, 50Гц, 5А, 12Iн, ТУ16-522.136-78;104862
Выключатель АК50Б-2МГОМ3, 50Гц, 5А, 12Iн, условие - 01, ТУ16-522.136-78;104863
Выключатель АК50Б-2МГОМ3, 50Гц, 50А, 12Iн, ТУ16-522.136-78;104868
Выключатель АК50Б-2МГОМ3, 50Гц, 50А, 12Iн, условие - 01, ТУ16-522.136-78;104867
Выключатель АК50Б-2МГОМ3, 50Гц, 6,3А, 12Iн, ТУ16-522.136-78;104872
Выключатель АК50Б-2МГОМ3, 50Гц, 6,3А, 12Iн, условие - 01, ТУ16-522.136-78;104871
Выключатель АК50Б-2МГОМ3, 50Гц, 8А, 12Iн, ТУ16-522.136-78;104878
Выключатель АК50Б-2МГОМ3, 50Гц, 8А, 12Iн, условие - 01, ТУ16-522.136-78;104877
Выключатель АК50Б-2МГОМ2, 50Гц, 20А, 12Iн, IP54 (с кабельными вводами), ТУ16-522.136-78;104883
Выключатель АК50Б-2МГОМ2, 50Гц, 10А, 12Iн, IP54 (с сальниками), ТУ16-522.136-78;281278
Выключатель АК50Б-2МГОМ2, 50Гц, 16А, 12Iн, IP54 (с сальниками), ТУ16-522.136-78;262038
Выключатель АК50Б-2МГОМ2, 50Гц, 2А, 12Iн, IP54 (с сальниками), ТУ16-522.136-78;104886
Выключатель АК50Б-2МГОМ2, 50Гц, 2А, 12Iн, IP54 (с сальниками), условие - 01, ТУ16-522.136-78;104887
Выключатель АК50Б-2МГОМ2, 50Гц, 5А, 12Iн, IP54 (с сальниками), условие - 01, ТУ16-522.136-78;232590
Выключатель АК50Б-2МГОМ3, постоянный, 10А, 12Iн, ТУ16-522.136-78;147868
Выключатель АК50Б-2МГОМ3, постоянный, 10А, 12Iн, условие - 01, ТУ16-522.136-78;104894
Выключатель АК50Б-2МГОМ3, постоянный, 16А, 12Iн, ТУ16-522.136-78;232361
Выключатель АК50Б-2МГОМ3, постоянный, 2А, 12Iн, ТУ16-522.136-78;147869
Выключатель АК50Б-2МГОМ3, постоянный, 20А, 12Iн, ТУ16-522.136-78;252833
Выключатель АК50Б-2МГОМ3, постоянный, 20А, 12Iн, условие - 01, ТУ16-522.136-78;264451
Выключатель АК50Б-2МГОМ3, постоянный, 25А, 12Iн, ТУ16-522.136-78;292029
Выключатель АК50Б-2МГОМ3, постоянный, 25А, 12Iн, условие - 01, ТУ16-522.136-78;104896
Выключатель АК50Б-2МГОМ3, постоянный, 31,5А, 12Iн, ТУ16-522.136-78;104897
Выключатель АК50Б-2МГОМ3, постоянный, 4А, 12Iн, ТУ16-522.136-78;284479
Выключатель АК50Б-2МГОМ3, постоянный, 40А, 12Iн, ТУ16-522.136-78;219781
Выключатель АК50Б-2МГОМ3, постоянный, 40А, 12Iн, условие - 01, ТУ16-522.136-78;219803
Выключатель АК50Б-2МГОМ3, постоянный, 50А, 12Iн, ТУ16-522.136-78;112143
Выключатель АК50Б-2МГОМ3, постоянный, 50А, 12Iн, условие - 01, ТУ16-522.136-78;129883
Выключатель АК50Б-2МГОМ3, постоянный, 6,3А, 12Iн, ТУ16-522.136-78;292410
Выключатель АК50Б-2МГОМ3, постоянный, 6,3А, 12Iн, условие - 01, ТУ16-522.136-78;104899
Выключатель АК50Б-2МГОМ3, 50Гц, 1А, 6Iн, ТУ16-522.136-78;104900
Выключатель АК50Б-2МГОМ3, 50Гц, 1А, 6Iн, условие - 01, ТУ16-522.136-78;104901
Выключатель АК50Б-2МГОМ3, 50Гц, 10А, 6Iн, ТУ16-522.136-78;104906
Выключатель АК50Б-2МГОМ3, 50Гц, 10А, 6Iн, условие - 01, ТУ16-522.136-78;104907
Выключатель АК50Б-2МГОМ3, 50Гц, 16А, 6Iн, ТУ16-522.136-78;104917
Выключатель АК50Б-2МГОМ3, 50Гц, 16А, 6Iн, условие - 01, ТУ16-522.136-78;104916
Выключатель АК50Б-2МГОМ3, 50Гц, 2А, 6Iн, ТУ16-522.136-78;104923
Выключатель АК50Б-2МГОМ3, 50Гц, 2А, 6Iн, условие - 01, ТУ16-522.136-78;104922
Выключатель АК50Б-2МГОМ3, 50Гц, 20А, 6Iн, ТУ16-522.136-78;104929
Выключатель АК50Б-2МГОМ3, 50Гц, 20А, 6Iн, условие - 01, ТУ16-522.136-78;104928
Выключатель АК50Б-2МГОМ3, 50Гц, 25А, 6Iн, ТУ16-522.136-78;104930
Выключатель АК50Б-2МГОМ3, 50Гц, 25А, 6Iн, условие - 01, ТУ16-522.136-78;104931
Выключатель АК50Б-2МГОМ3, 50Гц, 31,5А, 6Iн, ТУ16-522.136-78;104936
Выключатель АК50Б-2МГОМ3, 50Гц, 31,5А, 6Iн, условие - 01, ТУ16-522.136-78;104937
Выключатель АК50Б-2МГОМ3, 50Гц, 4А, 6Iн, ТУ16-522.136-78;104938
Выключатель АК50Б-2МГОМ3, 50Гц, 4А, 6Iн, условие - 01, ТУ16-522.136-78;104939
Выключатель АК50Б-2МГОМ3, 50Гц, 40А, 6Iн, ТУ16-522.136-78;104945
Выключатель АК50Б-2МГОМ3, 50Гц, 40А, 6Iн, условие - 01, ТУ16-522.136-78;104946
Выключатель АК50Б-2МГОМ3, 50Гц, 5А, 6Iн, ТУ16-522.136-78;104954
Выключатель АК50Б-2МГОМ3, 50Гц, 5А, 6Iн, условие - 01, ТУ16-522.136-78;104953
Выключатель АК50Б-2МГОМ3, 50Гц, 50А, 6Iн, ТУ16-522.136-78;104956
Выключатель АК50Б-2МГОМ3, 50Гц, 50А, 6Iн, условие - 01, ТУ16-522.136-78;104957
Выключатель АК50Б-2МГОМ3, 50Гц, 6,3А, 6Iн, ТУ16-522.136-78;104961
Выключатель АК50Б-2МГОМ3, 50Гц, 6,3А, 6Iн, условие - 01, ТУ16-522.136-78;104960
Выключатель АК50Б-2МГОМ3, 50Гц, 8А, 6Iн, ТУ16-522.136-78;104969
Выключатель АК50Б-2МГОМ3, 50Гц, 8А, 6Iн, условие - 01, ТУ16-522.136-78;104968
Выключатель АК50Б-2МГОМ2, 50Гц, 10А, 6Iн, IP54 (с кабельными вводами), ТУ16-522.136-78;377821
Выключатель АК50Б-2МГОМ2, 50Гц, 16А, 6Iн, IP54 (с кабельными вводами), ТУ16-522.136-78;247135
Выключатель АК50Б-2МГОМ2, 50Гц, 25А, 6Iн, IP54 (с кабельными вводами), ТУ16-522.136-78;104971
Выключатель АК50Б-2МГОМ2, 50Гц, 4А, 6Iн, IP54 (с кабельными вводами), ТУ16-522.136-78;104972
Выключатель АК50Б-2МГОМ2, 50Гц, 5А, 6Iн, IP54 (с кабельными вводами), ТУ16-522.136-78;263707
Выключатель АК50Б-2МГОМ2, 50Гц, 16А, 6Iн, IP54 (с сальниками), ТУ16-522.136-78;104973
Выключатель АК50Б-2МГОМ2, 50Гц, 25А, 6Iн, IP54 (с сальниками), ТУ16-522.136-78;104976
Выключатель АК50Б-2МГОМ2, 50Гц, 40А, 6Iн, IP54 (с сальниками), ТУ16-522.136-78;104978
Выключатель АК50Б-2МГОМ2, 50Гц, 50А, 6Iн, IP54 (с сальниками), ТУ16-522.136-78;289321
Выключатель АК50Б-2МГОМ3, постоянный, 1А, 6Iн, ТУ16-522.136-78;104984
Выключатель АК50Б-2МГОМ3, постоянный, 1А, 6Iн, условие - 01, ТУ16-522.136-78;104983
Выключатель АК50Б-2МГОМ3, постоянный, 10А, 6Iн, ТУ16-522.136-78;104990
Выключатель АК50Б-2МГОМ3, постоянный, 10А, 6Iн, условие - 01, ТУ16-522.136-78;104989
Выключатель АК50Б-2МГОМ3, постоянный, 16А, 6Iн, ТУ16-522.136-78;104996
Выключатель АК50Б-2МГОМ3, постоянный, 16А, 6Iн, условие - 01, ТУ16-522.136-78;104995
Выключатель АК50Б-2МГОМ3, постоянный, 2А, 6Iн, ТУ16-522.136-78;104997
Выключатель АК50Б-2МГОМ3, постоянный, 2А, 6Iн, условие - 01, ТУ16-522.136-78;104998
Выключатель АК50Б-2МГОМ3, постоянный, 20А, 6Iн, ТУ16-522.136-78;105002
Выключатель АК50Б-2МГОМ3, постоянный, 20А, 6Iн, условие - 01, ТУ16-522.136-78;105003
Выключатель АК50Б-2МГОМ3, постоянный, 25А, 6Iн, ТУ16-522.136-78;105012
Выключатель АК50Б-2МГОМ3, постоянный, 25А, 6Iн, условие - 01, ТУ16-522.136-78;105011
Выключатель АК50Б-2МГОМ3, постоянный, 31,5А, 6Iн, ТУ16-522.136-78;105015
Выключатель АК50Б-2МГОМ3, постоянный, 31,5А, 6Iн, условие - 01, ТУ16-522.136-78;105016
Выключатель АК50Б-2МГОМ3, постоянный, 4А, 6Iн, ТУ16-522.136-78;105024
Выключатель АК50Б-2МГОМ3, постоянный, 4А, 6Iн, условие - 01, ТУ16-522.136-78;105023
Выключатель АК50Б-2МГОМ3, постоянный, 40А, 6Iн, ТУ16-522.136-78;105031
Выключатель АК50Б-2МГОМ3, постоянный, 40А, 6Iн, условие - 01, ТУ16-522.136-78;105030
Выключатель АК50Б-2МГОМ3, постоянный, 5А, 6Iн, ТУ16-522.136-78;105032
Выключатель АК50Б-2МГОМ3, постоянный, 5А, 6Iн, условие - 01, ТУ16-522.136-78;105033
Выключатель АК50Б-2МГОМ3, постоянный, 50А, 6Iн, ТУ16-522.136-78;105041
Выключатель АК50Б-2МГОМ3, постоянный, 50А, 6Iн, условие - 01, ТУ16-522.136-78;105040
Выключатель АК50Б-2МГОМ3, постоянный, 6,3А, 6Iн, ТУ16-522.136-78;105042
Выключатель АК50Б-2МГОМ3, постоянный, 6,3А, 6Iн, условие - 01, ТУ16-522.136-78;105047
Выключатель АК50Б-2МГОМ3, постоянный, 8А, 6Iн, ТУ16-522.136-78;105050
Выключатель АК50Б-2МГОМ3, постоянный, 8А, 6Iн, условие - 01, ТУ16-522.136-78;105049
Выключатель АК50Б-2МГОМ2, постоянный, 10А, 6Iн, IP54 (с кабельными вводами), ТУ16-522.136-78;365710
Выключатель АК50Б-2МГОМ2, постоянный, 4А, 6Iн, IP54 (с кабельными вводами), ТУ16-522.136-78;289057
Выключатель АК50Б-2МГОМ2, постоянный, 10А, 6Iн, IP54 (с сальниками), ТУ16-522.136-78;105055
Выключатель АК50Б-2МГОМ2, постоянный, 4А, 6Iн, IP54 (с сальниками), ТУ16-522.136-78;289067
Выключатель АК50Б-2МГОМ2, постоянный, 50А, 6Iн, IP54 (с сальниками), ТУ16-522.136-78;288864
Выключатель АК50Б-3МОМ3, 50Гц, 31,5А, 12Iн, ТУ16-522.136-78;105057
Выключатель АК50Б-3МОМ3, 50Гц, 31,5А, 12Iн, условие - 01, ТУ16-522.136-78;105058
Выключатель АК50Б-3МОМ3, 50Гц, 40А, 12Iн, ТУ16-522.136-78;105063
Выключатель АК50Б-3МОМ3, 50Гц, 40А, 12Iн, условие - 01, ТУ16-522.136-78;223114
Выключатель АК50Б-3МОМ3, 50Гц, 50А, 12Iн, ТУ16-522.136-78;105064
Выключатель АК50Б-3МОМ3, 50Гц, 50А, 12Iн, условие - 01, ТУ16-522.136-78;105065
Выключатель АК50Б-3МОМ3, 50Гц, 1А, 6Iн, ТУ16-522.136-78;105080
Выключатель АК50Б-3МОМ3, 50Гц, 1А, 6Iн, условие - 01, ТУ16-522.136-78;105081
Выключатель АК50Б-3МОМ3, 50Гц, 10А, 6Iн, ТУ16-522.136-78;105085
Выключатель АК50Б-3МОМ3, 50Гц, 10А, 6Iн, условие - 01, ТУ16-522.136-78;105084
Выключатель АК50Б-3МОМ3, 50Гц, 16А, 6Iн, ТУ16-522.136-78;105092
Выключатель АК50Б-3МОМ3, 50Гц, 16А, 6Iн, условие - 01, ТУ16-522.136-78;105091
Выключатель АК50Б-3МОМ3, 50Гц, 2А, 6Iн, ТУ16-522.136-78;105099
Выключатель АК50Б-3МОМ3, 50Гц, 2А, 6Iн, условие - 01, ТУ16-522.136-78;105098
Выключатель АК50Б-3МОМ3, 50Гц, 20А, 6Iн, ТУ16-522.136-78;105104
Выключатель АК50Б-3МОМ3, 50Гц, 20А, 6Iн, условие - 01, ТУ16-522.136-78;105103
Выключатель АК50Б-3МОМ3, 50Гц, 25А, 6Iн, ТУ16-522.136-78;105109
Выключатель АК50Б-3МОМ3, 50Гц, 25А, 6Iн, условие - 01, ТУ16-522.136-78;105108
Выключатель АК50Б-3МОМ3, 50Гц, 31,5А, 6Iн, ТУ16-522.136-78;105112
Выключатель АК50Б-3МОМ3, 50Гц, 31,5А, 6Iн, условие - 01, ТУ16-522.136-78;105111
Выключатель АК50Б-3МОМ3, 50Гц, 4А, 6Iн, ТУ16-522.136-78;105114
Выключатель АК50Б-3МОМ3, 50Гц, 4А, 6Iн, условие - 01, ТУ16-522.136-78;105115
Выключатель АК50Б-3МОМ3, 50Гц, 40А, 6Iн, ТУ16-522.136-78;105120
Выключатель АК50Б-3МОМ3, 50Гц, 40А, 6Iн, условие - 01, ТУ16-522.136-78;105121
Выключатель АК50Б-3МОМ3, 50Гц, 5А, 6Iн, ТУ16-522.136-78;105128
Выключатель АК50Б-3МОМ3, 50Гц, 5А, 6Iн, условие - 01, ТУ16-522.136-78;105127
Выключатель АК50Б-3МОМ3, 50Гц, 50А, 6Iн, ТУ16-522.136-78;105133
Выключатель АК50Б-3МОМ3, 50Гц, 50А, 6Iн, условие - 01, ТУ16-522.136-78;105132
Выключатель АК50Б-3МОМ3, 50Гц, 6,3А, 6Iн, ТУ16-522.136-78;105139
Выключатель АК50Б-3МОМ3, 50Гц, 6,3А, 6Iн, условие - 01, ТУ16-522.136-78;105137
Выключатель АК50Б-3МОМ3, 50Гц, 8А, 6Iн, ТУ16-522.136-78;105142
Выключатель АК50Б-3МОМ3, 50Гц, 8А, 6Iн, условие - 01, ТУ16-522.136-78;105141
Выключатель АК50Б-3МОМ2, 50Гц, 10А, 6Iн, IP54 (с кабельными вводами), ТУ16-522.136-78;372487
Выключатель АК50Б-3МОМ2, 50Гц, 10А, 6Iн, IP54 (с кабельными вводами), условие - 01, ТУ16-522.136-78;373958
Выключатель АК50Б-3МОМ2, 50Гц, 16А, 6Iн, IP54 (с кабельными вводами), ТУ16-522.136-78;105146
Выключатель АК50Б-3МОМ2, 50Гц, 2А, 6Iн, IP54 (с кабельными вводами), ТУ16-522.136-78;105147
Выключатель АК50Б-3МОМ2, 50Гц, 2А, 6Iн, IP54 (с кабельными вводами), условие - 01, регистр, ТУ16-522.136-78;225351
Выключатель АК50Б-3МОМ2, 50Гц, 25А, 6Iн, IP54 (с кабельными вводами), ТУ16-522.136-78;105150
Выключатель АК50Б-3МОМ2, 50Гц, 4А, 6Iн, IP54 (с кабельными вводами), ТУ16-522.136-78;105152
Выключатель АК50Б-3МОМ2, 50Гц, 40А, 6Iн, IP54 (с кабельными вводами), ТУ16-522.136-78;105154
Выключатель АК50Б-3МОМ2, 50Гц, 6,3А, 6Iн, IP54 (с кабельными вводами), ТУ16-522.136-78;105156
Выключатель АК50Б-3МОМ2, 50Гц, 10А, 6Iн, IP54 (с сальниками), ТУ16-522.136-78;105072
Выключатель АК50Б-3МОМ2, 50Гц, 16А, 6Iн, IP54 (с сальниками), ТУ16-522.136-78;105074
Выключатель АК50Б-3МОМ2, 50Гц, 2А, 6Iн, IP54 (с сальниками), ТУ16-522.136-78;105158
Выключатель АК50Б-3МГОМ2, 50Гц, 2А, 6Iн, IP54 (с сальниками), условие - 01, ТУ16-522.136-78;225350
Выключатель АК50Б-3МОМ2, 50Гц, 31,5А, 6Iн, IP54 (с сальниками), ТУ16-522.136-78;105077
Выключатель АК50Б-3МОМ2, 50Гц, 5А, 6Iн, IP54 (с сальниками), ТУ16-522.136-78;105160
Выключатель АК50Б-3МОМ2, 50Гц, 6,3А, 6Iн, IP54 (с сальниками), ТУ16-522.136-78;105078
Выключатель АК50Б-3МГОМ3, 50Гц, 1А, 12Iн, ТУ16-522.136-78;105167
Выключатель АК50Б-3МГОМ3, 50Гц, 1А, 12Iн, условие - 01, ТУ16-522.136-78;105166
Выключатель АК50Б-3МГОМ3, 50Гц, 10А, 12Iн, ТУ16-522.136-78;105175
Выключатель АК50Б-3МГОМ3, 50Гц, 10А, 12Iн, условие - 01, ТУ16-522.136-78;105174
Выключатель АК50Б-3МГОМ3, 50Гц, 16А, 12Iн, ТУ16-522.136-78;105183
Выключатель АК50Б-3МГОМ3, 50Гц, 16А, 12Iн, условие - 01, ТУ16-522.136-78;105182
Выключатель АК50Б-3МГОМ3, 50Гц, 2А, 12Iн, ТУ16-522.136-78;105190
Выключатель АК50Б-3МГОМ3, 50Гц, 2А, 12Iн, условие - 01, ТУ16-522.136-78;105191
Выключатель АК50Б-3МГОМ3, 50Гц, 20А, 12Iн, ТУ16-522.136-78;105199
Выключатель АК50Б-3МГОМ3, 50Гц, 20А, 12Iн, условие - 01, ТУ16-522.136-78;105198
Выключатель АК50Б-3МГОМ3, 50Гц, 25А, 12Iн, ТУ16-522.136-78;105200
Выключатель АК50Б-3МГОМ3, 50Гц, 25А, 12Iн, условие - 01, ТУ16-522.136-78;105201
Выключатель АК50Б-3МГОМ3, 50Гц, 31,5А, 12Iн, ТУ16-522.136-78;105208
Выключатель АК50Б-3МГОМ3, 50Гц, 31,5А, 12Iн, условие - 01, ТУ16-522.136-78;105209
Выключатель АК50Б-3МГОМ3, 50Гц, 4А, 12Iн, ТУ16-522.136-78;105221
Выключатель АК50Б-3МГОМ3, 50Гц, 4А, 12Iн, условие - 01, ТУ16-522.136-78;105220
Выключатель АК50Б-3МГОМ3, 50Гц, 40А, 12Iн, ТУ16-522.136-78;105228
Выключатель АК50Б-3МГОМ3, 50Гц, 40А, 12Iн, условие - 01, ТУ16-522.136-78;105227
Выключатель АК50Б-3МГОМ3, 50Гц, 5А, 12Iн, ТУ16-522.136-78;105229
Выключатель АК50Б-3МГОМ3, 50Гц, 5А, 12Iн, условие - 01, ТУ16-522.136-78;105230
Выключатель АК50Б-3МГОМ3, 50Гц, 50А, 12Iн, ТУ16-522.136-78;105236
Выключатель АК50Б-3МГОМ3, 50Гц, 50А, 12Iн, условие - 01, ТУ16-522.136-78;105238
Выключатель АК50Б-3МГОМ3, 50Гц, 6,3А, 12Iн, ТУ16-522.136-78;105243
Выключатель АК50Б-3МГОМ3, 50Гц, 6,3А, 12Iн, условие - 01, ТУ16-522.136-78;105244
Выключатель АК50Б-3МГОМ3, 50Гц, 8А, 12Iн, ТУ16-522.136-78;105251
Выключатель АК50Б-3МГОМ3, 50Гц, 8А, 12Iн, условие - 01, ТУ16-522.136-78;105252
Выключатель АК50Б-3МГОМ2, 50Гц, 16А, 12Iн, IP54 (с кабельными вводами), ТУ16-522.136-78;105259
Выключатель АК50Б-3МГОМ2, 50Гц, 50А, 12Iн, IP54 (с кабельными вводами), ТУ16-522.136-78;105266
Выключатель АК50Б-3МГОМ2, 50Гц, 8А, 12Iн, IP54 (с кабельными вводами), ТУ16-522.136-78;289041
Выключатель АК50Б-3МГОМ2, 50Гц, 10А, 12Iн, IP54 (с сальниками), ТУ16-522.136-78;105268
Выключатель АК50Б-3МГОМ2, 50Гц, 16А, 12Iн, IP54 (с сальниками), ТУ16-522.136-78;105270
Выключатель АК50Б-3МГОМ2, 50Гц, 2А, 12Iн, IP54 (с сальниками), ТУ16-522.136-78;105272
Выключатель АК50Б-3МГОМ2, 50Гц, 20А, 12Iн, IP54 (с сальниками), ТУ16-522.136-78;235048
Выключатель АК50Б-3МГОМ2, 50Гц, 25А, 12Iн, IP54 (с сальниками), ТУ16-522.136-78;105276
Выключатель АК50Б-3МГОМ2, 50Гц, 31,50А, 12Iн, IP54 (с сальниками), ТУ16-522.136-78;294224
Выключатель АК50Б-3МГОМ2, 50Гц, 4А, 12Iн, IP54 (с сальниками), ТУ16-522.136-78;105278
Выключатель АК50Б-3МГОМ2, 50Гц, 5А, 12Iн, IP54 (с сальниками), ТУ16-522.136-78;257486
Выключатель АК50Б-3МГОМ2, 50Гц, 5А, 12Iн, IP54 (с сальниками), условие - 01, ТУ16-522.136-78;232589
Выключатель АК50Б-3МГОМ2, 50Гц, 50А, 12Iн, IP54 (с сальниками), ТУ16-522.136-78;105282
Выключатель АК50Б-3МГОМ2, 50Гц, 6,3А, 12Iн, IP54 (с сальниками), ТУ16-522.136-78;105283
Выключатель АК50Б-3МГОМ2, 50Гц, 8А, 12Iн, IP54 (с сальниками), ТУ16-522.136-78;257485
Выключатель АК50Б-3МГОМ3, 50Гц, 1А, 6Iн, ТУ16-522.136-78;105286
Выключатель АК50Б-3МГОМ3, 50Гц, 1А, 6Iн, условие - 01, ТУ16-522.136-78;105287
Выключатель АК50Б-3МГОМ3, 50Гц, 10А, 6Iн, ТУ16-522.136-78;105299
Выключатель АК50Б-3МГОМ3, 50Гц, 10А, 6Iн, условие - 01, ТУ16-522.136-78;105298
Выключатель АК50Б-3МГОМ3, 50Гц, 16А, 6Iн, ТУ16-522.136-78;105300
Выключатель АК50Б-3МГОМ3, 50Гц, 16А, 6Iн, условие - 01, ТУ16-522.136-78;105301
Выключатель АК50Б-3МГОМ3, 50Гц, 2А, 6Iн, ТУ16-522.136-78;105315
Выключатель АК50Б-3МГОМ3, 50Гц, 2А, 6Iн, условие - 01, ТУ16-522.136-78;105312
Выключатель АК50Б-3МГОМ3, 50Гц, 20А, 6Iн, ТУ16-522.136-78;105321
Выключатель АК50Б-3МГОМ3, 50Гц, 20А, 6Iн, условие - 01, ТУ16-522.136-78;105320
Выключатель АК50Б-3МГОМ3, 50Гц, 25А, 6Iн, ТУ16-522.136-78;105323
Выключатель АК50Б-3МГОМ3, 50Гц, 25А, 6Iн, условие - 01, ТУ16-522.136-78;105325
Выключатель АК50Б-3МГОМ3, 50Гц, 31,5А, 6Iн, ТУ16-522.136-78;105327
Выключатель АК50Б-3МГОМ3, 50Гц, 31,5А, 6Iн, условие - 01, ТУ16-522.136-78;105328
Выключатель АК50Б-3МГОМ3, 50Гц, 4А, 6Iн, ТУ16-522.136-78;105336
Выключатель АК50Б-3МГОМ3, 50Гц, 4А, 6Iн, условие - 01, ТУ16-522.136-78;105335
Выключатель АК50Б-3МГОМ3, 50Гц, 40А, 6Iн, ТУ16-522.136-78;105341
Выключатель АК50Б-3МГОМ3, 50Гц, 40А, 6Iн, условие - 01, ТУ16-522.136-78;105340
Выключатель АК50Б-3МГОМ3, 50Гц, 5А, 6Iн, ТУ16-522.136-78;105342
Выключатель АК50Б-3МГОМ3, 50Гц, 5А, 6Iн, условие - 01, ТУ16-522.136-78;105343
Выключатель АК50Б-3МГОМ3, 50Гц, 50А, 6Iн, ТУ16-522.136-78;105347
Выключатель АК50Б-3МГОМ3, 50Гц, 50А, 6Iн, условие - 01, ТУ16-522.136-78;105350
Выключатель АК50Б-3МГОМ3, 50Гц, 6,3А, 6Iн, ТУ16-522.136-78;105358
Выключатель АК50Б-3МГОМ3, 50Гц, 6,3А, 6Iн, условие - 01, ТУ16-522.136-78;105357
Выключатель АК50Б-3МГОМ3, 50Гц, 8А, 6Iн, ТУ16-522.136-78;105361
Выключатель АК50Б-3МГОМ3, 50Гц, 8А, 6Iн, условие - 01, ТУ16-522.136-78;105362
Выключатель АК50Б-3МГОМ2, 50Гц, 16А, 6Iн, IP54 (с кабельными вводами), ТУ16-522.136-78;287062
Выключатель АК50Б-3МГОМ2, 50Гц, 16А, 6Iн, IP54 (с кабельными вводами), условие - 01, ТУ16-522.136-78;274864
Выключатель АК50Б-3МГОМ2, 50Гц, 25А, 6Iн, IP54 (с кабельными вводами), ТУ16-522.136-78;247136
Выключатель АК50Б-3МГОМ2, 50Гц, 31,50А, 6Iн, IP54 (с кабельными вводами), ТУ16-522.136-78;268357
Выключатель АК50Б-3МГОМ2, 50Гц, 5А, 6Iн, IP54 (с кабельными вводами), ТУ16-522.136-78;105369
Выключатель АК50Б-3МГОМ2, 50Гц, 50А, 6Iн, IP54 (с кабельными вводами), ТУ16-522.136-78;105370
Выключатель АК50Б-3МГОМ2, 50Гц, 6,3А, 6Iн, IP54 (с кабельными вводами), ТУ16-522.136-78;252454
Выключатель АК50Б-3МГОМ2, 50Гц, 10А, 6Iн, IP54 (с сальниками), условие - 01, ТУ16-522.136-78;105373
Выключатель АК50Б-3МГОМ2, 50Гц, 16А, 6Iн, IP54 (с сальниками), условие - 01, ТУ16-522.136-78;105374
Выключатель АК50Б-3МГОМ2, 50Гц, 20А, 6Iн, IP54 (с сальниками), ТУ16-522.136-78;255115
Выключатель АК50Б-3МГОМ2, 50Гц, 6,3А, 6Iн, IP54 (с сальниками), ТУ16-522.136-78;105379
Выключатель АК50Б-3МГОМ2, 50Гц, 6,3А, 6Iн, IP54 (с сальниками), условие - 01, ТУ16-522.136-78;105380
Выключатель АК50Б-400-2МОМ3, 50А, 12Iн, ТУ16-522.136-78;105386
Выключатель АК50Б-400-2МОМ3, 1А, 6Iн, ТУ16-522.136-78;105388
Выключатель АК50Б-400-2МОМ3, 1А, 6Iн, условие - 01, ТУ16-522.136-78;105389
Выключатель АК50Б-400-2МОМ3, 10А, 6Iн, ТУ16-522.136-78;105392
Выключатель АК50Б-400-2МОМ3, 10А, 6Iн, условие - 01, ТУ16-522.136-78;105393
Выключатель АК50Б-400-2МОМ3, 16А, 6Iн, ТУ16-522.136-78;105399
Выключатель АК50Б-400-2МОМ3, 16А, 6Iн, условие - 01, ТУ16-522.136-78;105396
Выключатель АК50Б-400-2МОМ3, 2А, 6Iн, ТУ16-522.136-78;105401
Выключатель АК50Б-400-2МОМ3, 2А, 6Iн, условие - 01, ТУ16-522.136-78;227727
Выключатель АК50Б-400-2МОМ3, 20А, 6Iн, ТУ16-522.136-78;105402
Выключатель АК50Б-400-2МОМ3, 20А, 6Iн, условие - 01, ТУ16-522.136-78;105403
Выключатель АК50Б-400-2МОМ3, 25А, 6Iн, ТУ16-522.136-78;272938
Выключатель АК50Б-400-2МОМ3, 25А, 6Iн, условие - 01, ТУ16-522.136-78;343678
Выключатель АК50Б-400-2МОМ3, 31,5А, 6Iн, ТУ16-522.136-78;105409
Выключатель АК50Б-400-2МОМ3, 31,5А, 6Iн, условие - 01, ТУ16-522.136-78;218234
Выключатель АК50Б-400-2МОМ3, 4А, 6Iн, ТУ16-522.136-78;105410
Выключатель АК50Б-400-2МОМ3, 4А, 6Iн, условие - 01, ТУ16-522.136-78;227707
Выключатель АК50Б-400-2МОМ3, 40А, 6Iн, ТУ16-522.136-78;105415
Выключатель АК50Б-400-2МОМ3, 40А, 6Iн, условие - 01, ТУ16-522.136-78;105414
Выключатель АК50Б-400-2МОМ3, 5А, 6Iн, ТУ16-522.136-78;105418
Выключатель АК50Б-400-2МОМ3, 5А, 6Iн, условие - 01, ТУ16-522.136-78;105419
Выключатель АК50Б-400-2МОМ3, 50А, 6Iн, ТУ16-522.136-78;105421
Выключатель АК50Б-400-2МОМ3, 6,3А, 6Iн, ТУ16-522.136-78;105422
Выключатель АК50Б-400-2МОМ3, 8А, 6Iн, ТУ16-522.136-78;218804
Выключатель АК50Б-400-2МОМ3, 8А, 6Iн, условие - 01, ТУ16-522.136-78;105425
Выключатель АК50Б-400-2МОМ3, 6,3А, 6Iн, условие - 01, ТУ16-522.136-78;227708
Выключатель АК50Б-400-2МОМ2, 4А, 6Iн, IP54 (с сальниками), ТУ16-522.136-78;408658
Выключатель АК50Б-400-2МОМ2, 4А, 6Iн, IP54 (с сальниками), условие - 01, ТУ16-522.136-78;245216
Выключатель АК50Б-400-3МОМ3, 40А, 12Iн, ТУ16-522.136-78;105430
Выключатель АК50Б-400-3МОМ3, 50А, 12Iн, ТУ16-522.136-78;105434
Выключатель АК50Б-400-3МОМ3, 50А, 12Iн, условие - 01, ТУ16-522.136-78;148963
Выключатель АК50Б-400-3МОМ3. 1А, 6Iн, ТУ16-522.136-78;105440
Выключатель АК50Б-400-3МОМ3, 1А, 6Iн, условие - 01, ТУ16-522.136-78;105439
Выключатель АК50Б-400-3МОМ3, 10А, 6Iн, ТУ16-522.136-78;105441
Выключатель АК50Б-400-3МОМ3, 10А, 6Iн, условие - 01, ТУ16-522.136-78;105442
Выключатель АК50Б-400-3МОМ3, 16А, 6Iн, ТУ16-522.136-78;105448
Выключатель АК50Б-400-3МОМ3, 16А, 6Iн, условие - 01, ТУ16-522.136-78;105452
Выключатель АК50Б-400-3МОМ3, 2А, 6Iн, ТУ16-522.136-78;105455
Выключатель АК50Б-400-3МОМ3, 2А, 6Iн, условие - 01, ТУ16-522.136-78;105456
Выключатель АК50Б-400-3МОМ3, 20А, 6Iн, ТУ16-522.136-78;105465
Выключатель АК50Б-400-3МОМ3, 20А, 6Iн, условие - 01, ТУ16-522.136-78;105464
Выключатель АК50Б-400-3МОМ3, 25А, 6Iн, ТУ16-522.136-78;105467
Выключатель АК50Б-400-3МОМ3, 25А, 6Iн, условие - 01, ТУ16-522.136-78;105466
Выключатель АК50Б-400-3МОМ3, 31,5А, 6Iн, ТУ16-522.136-78;105475
Выключатель АК50Б-400-3МОМ3, 31,5А, 6Iн, условие - 01, ТУ16-522.136-78;105474
Выключатель АК50Б-400-3МОМ3, 4А, 6Iн, ТУ16-522.136-78;105479
Выключатель АК50Б-400-3МОМ3, 4А, 6Iн, условие - 01, ТУ16-522.136-78;105478
Выключатель АК50Б-400-3МОМ3, 40А, 6Iн, ТУ16-522.136-78;105484
Выключатель АК50Б-400-3МОМ3, 40А, 6Iн, условие - 01, ТУ16-522.136-78;105485
Выключатель АК50Б-400-3МОМ3, 5А, 6Iн, ТУ16-522.136-78;105486
Выключатель АК50Б-400-3МОМ3, 5А, 6Iн, условие - 01, ТУ16-522.136-78;105487
Выключатель АК50Б-400-3МОМ3, 50А, 6Iн, ТУ16-522.136-78;105491
Выключатель АК50Б-400-3МОМ3, 50А, 6Iн, условие - 01, ТУ16-522.136-78;105492
Выключатель АК50Б-400-3МОМ3, 6,3А, 6Iн, ТУ16-522.136-78;105500
Выключатель АК50Б-400-3МОМ3, 6,3А, 6Iн, условие - 01, ТУ16-522.136-78;105496
Выключатель АК50Б-400-3МОМ3, 8А, 6Iн, ТУ16-522.136-78;105505
Выключатель АК50Б-400-3МОМ3, 8А, 6Iн, условие - 01, ТУ16-522.136-78;105504
Выключатель АК50Б-400-3МОМ2 10А, 6Iн, IP54 (с кабельными вводами), ТУ16-522.136-78;105506
Выключатель АК50Б-400-3МОМ2 10А, 6Iн, IP54 (с кабельными вводами), условие - 01, ТУ16-522.136-78;387558
Выключатель АК50Б-400-3МОМ2 20А, 6Iн, IP54 (с кабельными вводами), ТУ16-522.136-78;274313
Выключатель АК50Б-400-3МОМ2, 1А, 6Iн, IP54 (с сальниками), ТУ16-522.136-78;235581
Выключатель АК50Б-400-3МОМ2, 10А, 6Iн, IP54 (с сальниками), ТУ16-522.136-78;105510
Выключатель АК50Б-400-3МОМ2, 16А, 6Iн, IP54 (с сальниками), ТУ16-522.136-78;105511
Выключатель АК50Б-400-3МОМ2, 2А, 6Iн, IP54 (с сальниками), ТУ16-522.136-78;235582
Выключатель АК50Б-400-3МОМ2, 20А, 6Iн, IP54 (с сальниками), ТУ16-522.136-78;235586
Выключатель АК50Б-400-3МОМ2, 25А, 6Iн, IP54 (с сальниками), ТУ16-522.136-78;235584
Выключатель АК50Б-400-3МОМ2, 31,5А, 6Iн, IP54 (с сальниками), ТУ16-522.136-78;235591
Выключатель АК50Б-400-3МОМ2, 4А, 6Iн, IP54 (с сальниками), ТУ16-522.136-78;235603
Выключатель АК50Б-400-3МОМ2, 40А, 6Iн, IP54 (с сальниками), ТУ16-522.136-78;148908
Выключатель АК50Б-400-3МОМ2, 5А, 6Iн, IP54 (с сальниками), ТУ16-522.136-78;235585
Выключатель АК50Б-400-3МОМ2, 8А, 6Iн, IP54 (с сальниками), ТУ16-522.136-78;235583
Выключатель АК50КБ-1М, 0,6/1,5, ТУ16-522.024-80;105515
Выключатель АК50КБ-1М, 1,6/1,5, ТУ16-522.024-80;105516
Выключатель АК50КБ-1М, 10/1,5, ТУ16-522.024-80;105517
Выключатель АК50КБ-1М, 16/1,5, ТУ16-522.024-80;149019
Выключатель АК50КБ-1М, 1/1,5, ТУ16-522.024-80;105514
Выключатель АК50КБ-1М, 20/1,5, ТУ16-522.024-80;105519
Выключатель АК50КБ-1М, 25/1,5, ТУ16-522.024-80;105520
Выключатель АК50КБ-1М, 2/1,5, ТУ16-522.024-80;105518
Выключатель АК50КБ-1М, 3,15/1,5, ТУ16-522.024-80;105521
Выключатель АК50КБ-1М, 30/1,5, ТУ16-522.024-80;105522
Выключатель АК50КБ-1М, 4/1,5, ТУ16-522.024-80;105523
Выключатель АК50КБ-1М, 5/1,5, ТУ16-522.024-80;144027
Выключатель АК50КБ-1М, 6,3/1,5, ТУ16-522.024-80;105524
Выключатель АК50КБ-1М, 20/1,5, крепление за панелью, ТУ16-522.024-80;264149
Выключатель АК50КБ-1М, постоянный, 0,6/1,5 ТУ16-522.024-80;105525
Выключатель АК50КБ-1М, постоянный, 1,6/1,5, ТУ16-522.024-80;105527
Выключатель АК50КБ-1М, постоянный, 10/1,5, ТУ16-522.024-80;105528
Выключатель АК50КБ-1М, постоянный, 16/1,5, ТУ16-522.024-80;105529
Выключатель АК50КБ-1М, постоянный, 1/1,5, ТУ16-522.024-80;105526
Выключатель АК50КБ-1М, постоянный, 2,5/1,5, ТУ16-522.024-80;105530
Выключатель АК50КБ-1М, постоянный, 20/1,5, ТУ16-522.024-80;105531
Выключатель АК50КБ-1М, постоянный, 25/1,5, ТУ16-522.024-80;105532
Выключатель АК50КБ-1М, постоянный, 3,15/1,5, ТУ16-522.024-80;105533
Выключатель АК50КБ-1М, постоянный, 30/1,5, ТУ16-522.024-80;105534
Выключатель АК50КБ-1М, постоянный, 35/1,5, ТУ16-522.024-80;105535
Выключатель АК50КБ-1М, постоянный, 50/1,5, ТУ16-522.024-80;105536
Выключатель АК50КБ-1М, постоянный, 5/1,5, ТУ16-522.024-80;137601
Выключатель АК50КБ-1М, постоянный, 6,3/1,5, ТУ16-522.024-80;105537
Выключатель АК50КБ-1М,постоянный,63/1,5, ТУ16-522.024-80;220527
Выключатель АК50КБ-1М, постоянный, 8/1,5, ТУ16-522.024-80;105538
Выключатель АК50КБ-1М, постоянный, 10/1,5, крепление за панелью, ТУ16-522.024-80;283498
Выключатель АК50КБ-1М, постоянный, 25/1,5, крепление за панелью, ТУ16-522.024-80;105539
Выключатель АК50КБ-1М, постоянный, 30/1,5, крепление за панелью, ТУ16-522.024-80;105540
Выключатель АК50КБ-1М, постоянный, 50/1,5, крепление за панелью, ТУ16-522.024-80;105541
Выключатель АК50КБ-1М, 25/12, ТУ16-522.024-80;105542
Выключатель АК50КБ-1М, 40/12, ТУ16-522.024-80;105543
Выключатель АК50КБ-1М, 50/12, ТУ16-522.024-80;105544
Выключатель АК50КБ-1М, постоянный, 35/5, крепление за панелью, ТУ16-522.024-80;368672
Выключатель АК50КБ-1М, 0,6/5, ТУ16-522.024-80;105545
Выключатель АК50КБ-1М, 1,6/5, ТУ16-522.024-80;105547
Выключатель АК50КБ-1М, 10/5, ТУ16-522.024-80;105548
Выключатель АК50КБ-1М, 16/5, ТУ16-522.024-80;105549
Выключатель АК50КБ-1М, 1/5, ТУ16-522.024-80;105546
Выключатель АК50КБ-1М, 20/5, ТУ16-522.024-80;105551
Выключатель АК50КБ-1М, 25/5, ТУ16-522.024-80;105552
Выключатель АК50КБ-1М, 2/5, ТУ16-522.024-80;105550
Выключатель АК50КБ-1М, 3,15/5, ТУ16-522.024-80;105553
Выключатель АК50КБ-1М, 30/5, ТУ16-522.024-80;105554
Выключатель АК50КБ-1М, 40/5, ТУ16-522.024-80;105556
Выключатель АК50КБ-1М, 4/5, ТУ16-522.024-80;105555
Выключатель АК50КБ-1М, 50/5, ТУ16-522.024-80;105558
Выключатель АК50КБ-1М, 5/5, ТУ16-522.024-80;105557
Выключатель АК50КБ-1М, 6,3/5, ТУ16-522.024-80;105559
Выключатель АК50КБ-1М, 8/5, ТУ16-522.024-80;105560
Выключатель АК50КБ-1М, 6,3/5, крепление за панелью, ТУ16-522.024-80;105561
Выключатель АК50КБ-1М, постоянный, 0,6/5, ТУ16-522.024-80;105562
Выключатель АК50КБ-1М, постоянный, 1,6/5, ТУ16-522.024-80;105564
Выключатель АК50КБ-1М, постоянный, 10/5, ТУ16-522.024-80;105566
Выключатель АК50КБ-1М, постоянный, 16/5, ТУ16-522.024-80;105567
Выключатель АК50КБ-1М, постоянный, 1/5, ТУ16-522.024-80;105563
Выключатель АК50КБ-1М, постоянный, 2,5/5, ТУ16-522.024-80;105569
Выключатель АК50КБ-1М, постоянный, 20/5, ТУ16-522.024-80;105570
Выключатель АК50КБ-1М, постоянный, 25/5, ТУ16-522.024-80;105571
Выключатель АК50КБ-1М, постоянный, 2/5, ТУ16-522.024-80;105568
Выключатель АК50КБ-1М, постоянный, 3,15/5, ТУ16-522.024-80;105572
Выключатель АК50КБ-1М, постоянный, 30/5, ТУ16-522.024-80;105573
Выключатель АК50КБ-1М, постоянный, 35/5, ТУ16-522.024-80;105574
Выключатель АК50КБ-1М, постоянный, 40/5, ТУ16-522.024-80;105576
Выключатель АК50КБ-1М, постоянный, 4/5, ТУ16-522.024-80;105575
Выключатель АК50КБ-1М, постоянный, 50/5, ТУ16-522.024-80;105578
Выключатель АК50КБ-1М, постоянный, 5/5, ТУ16-522.024-80;105577
Выключатель АК50КБ-1М, постоянный, 6,3/5, ТУ16-522.024-80;105579
Выключатель АК50КБ-1М, постоянный, 63/5, ТУ16-522.024-80;105580
Выключатель АК50КБ-1М, постоянный, 8/5, ТУ16-522.024-80;105581
Выключатель АК50КБ-1М, постоянный, 16/5, крепление за панелью, ТУ16-522.024-80;105582
Выключатель АК50КБ-1М, постоянный, 30/5, крепление за панелью, ТУ16-522.024-80;105583
Выключатель АК50КБ-1М, постоянный, 63/5, крепление за панелью, ТУ16-522.024-80;266070
Выключатель АК50КБ-1М, 25/7, ТУ16-522.024-80;105584
Выключатель АК50КБ-1МГ, 0,6/14, ТУ16-522.024-80;105585
Выключатель АК50КБ-1МГ, 1,6/14, ТУ16-522.024-80;105587
Выключатель АК50КБ-1МГ, 10/14, ТУ16-522.024-80;105588
Выключатель АК50КБ-1МГ, 16/14, ТУ16-522.024-80;105589
Выключатель АК50КБ-1МГ, 1/14, ТУ16-522.024-80;105586
Выключатель АК50КБ-1МГ, 2,5/14, ТУ16-522.024-80;105591
Выключатель АК50КБ-1МГ, 20/14, ТУ16-522.024-80;105592
Выключатель АК50КБ-1МГ, 25/14, ТУ16-522.024-80;105593
Выключатель АК50КБ-1МГ, 2/14, ТУ16-522.024-80;105590
Выключатель АК50КБ-1МГ, 3,15/14, ТУ16-522.024-80;105594
Выключатель АК50КБ-1МГ, 30/14, ТУ16-522.024-80;105595
Выключатель АК50КБ-1МГ, 35/14, ТУ16-522.024-80;105596
Выключатель АК50КБ-1МГ, 40/14, ТУ16-522.024-80;105598
Выключатель АК50КБ-1МГ, 4/14, ТУ16-522.024-80;105597
Выключатель АК50КБ-1МГ, 50/14, ТУ16-522.024-80;105600
Выключатель АК50КБ-1МГ, 5/14, ТУ16-522.024-80;105599
Выключатель АК50КБ-1МГ, 6,3/14, ТУ16-522.024-80;105601
Выключатель АК50КБ-1МГ, 63/14, ТУ16-522.024-80;255213
Выключатель АК50КБ-1МГ, 8/14, ТУ16-522.024-80;105602
Выключатель АК50КБ-1МГ, 10/14, крепление за панелью, ТУ16-522.024-80;295311
Выключатель АК50КБ-1МГ, 6,3/14, крепление за панелью, ТУ16-522.024-80;114800
Выключатель АК50КБ-1МГ, 0,6/5, ТУ16-522.024-80;105603
Выключатель АК50КБ-1МГ, 1,6/5, ТУ16-522.024-80;105605
Выключатель АК50КБ-1МГ, 10/5, ТУ16-522.024-80;105606
Выключатель АК50КБ-1МГ, 16/5, ТУ16-522.024-80;105607
Выключатель АК50КБ-1МГ, 1/5, ТУ16-522.024-80;105604
Выключатель АК50КБ-1МГ, 2,5/5, ТУ16-522.024-80;105609
Выключатель АК50КБ-1МГ, 20/5, ТУ16-522.024-80;105610
Выключатель АК50КБ-1МГ, 25/5, ТУ16-522.024-80;105611
Выключатель АК50КБ-1МГ, 2/5, ТУ16-522.024-80;105608
Выключатель АК50КБ-1МГ, 3,15/5, ТУ16-522.024-80;105612
Выключатель АК50КБ-1МГ, 30/5, ТУ16-522.024-80;105613
Выключатель АК50КБ-1МГ, 35/5, ТУ16-522.024-80;105614
Выключатель АК50КБ-1МГ, 40/5, ТУ16-522.024-80;105616
Выключатель АК50КБ-1МГ, 4/5, ТУ16-522.024-80;105615
Выключатель АК50КБ-1МГ, 50/5, ТУ16-522.024-80;105618
Выключатель АК50КБ-1МГ, 5/5, ТУ16-522.024-80;105617
Выключатель АК50КБ-1МГ, 6,3/5, ТУ16-522.024-80;105619
Выключатель АК50КБ-1МГ, 63/5, ТУ16-522.024-80;245503
Выключатель АК50КБ-1МГ, 8/5, ТУ16-522.024-80;105620
Выключатель АК50КБ-1МГ, 10/5, крепление за панелью, ТУ16-522.024-80;251968
Выключатель АК50КБ-1МГ, 2/5, крепление за панелью, ТУ16-522.024-80;331892
Выключатель АК50КБ-1МГ, 5/5, крепление за панелью, ТУ16-522.024-80;245566
Выключатель АК50КБ-1МГ, 6,3/5, крепление за панелью, ТУ16-522.024-80;251930
Выключатель АК50КБ-1МГ, постоянный, 0,6/5 ТУ16-522.024-80;105621
Выключатель АК50КБ-1МГ, постоянный, 1,6/5 ТУ16-522.024-80;105622
Выключатель АК50КБ-1МГ, постоянный, 10/5, ТУ16-522.024-80;105623
Выключатель АК50КБ-1МГ, постоянный, 16/5, ТУ16-522.024-80;105624
Выключатель АК50КБ-1МГ, постоянный, 1/5, ТУ16-522.024-80;272184
Выключатель АК50КБ-1МГ, постоянный, 2,5/5, ТУ16-522.024-80;105626
Выключатель АК50КБ-1МГ, постоянный, 20/5, ТУ16-522.024-80;105627
Выключатель АК50КБ-1МГ, постоянный, 25/5, ТУ16-522.024-80;105628
Выключатель АК50КБ-1МГ, постоянный, 2/5, ТУ16-522.024-80;105625
Выключатель АК50КБ-1МГ, постоянный, 3,15/5, ТУ16-522.024-80;105629
Выключатель АК50КБ-1МГ, постоянный, 30/5, ТУ16-522.024-80;105630
Выключатель АК50КБ-1МГ, постоянный, 35/5, ТУ16-522.024-80;105631
Выключатель АК50КБ-1МГ, постоянный, 40/5, ТУ16-522.024-80;105632
Выключатель АК50КБ-1МГ, постоянный, 4/5, ТУ16-522.024-80;255182
Выключатель АК50КБ-1МГ, постоянный, 50/5, ТУ16-522.024-80;105634
Выключатель АК50КБ-1МГ, постоянный, 5/5, ТУ16-522.024-80;105633
Выключатель АК50КБ-1МГ, постоянный, 6,3/5, ТУ16-522.024-80;105635
Выключатель АК50КБ-1МГ, постоянный, 63/5, ТУ16-522.024-80;247248
Выключатель АК50КБ-1МГ, постоянный, 8/5, ТУ16-522.024-80;105636
Выключатель АК50КБ-1МГ, постоянный, 10/5, крепление за панелью, ТУ16-522.024-80;251974
Выключатель АК50КБ-1МГ, 0,6/7, ТУ16-522.024-80;243997
Выключатель АК50КБ-1МГ, 1,6/7, ТУ16-522.024-80;105638
Выключатель АК50КБ-1МГ, 10/7, ТУ16-522.024-80;105639
Выключатель АК50КБ-1МГ, 16/7, ТУ16-522.024-80;105640
Выключатель АК50КБ-1МГ, 1/7, ТУ16-522.024-80;105637
Выключатель АК50КБ-1МГ, 2,5/7, ТУ16-522.024-80;114933
Выключатель АК50КБ-1МГ, 20/7, ТУ16-522.024-80;105642
Выключатель АК50КБ-1МГ, 25/7, ТУ16-522.024-80;105643
Выключатель АК50КБ-1МГ, 2/7, ТУ16-522.024-80;105641
Выключатель АК50КБ-1МГ, 3,15/7, ТУ16-522.024-80;105644
Выключатель АК50КБ-1МГ, 30/7, ТУ16-522.024-80;289661
Выключатель АК50КБ-1МГ, 35/7, ТУ16-522.024-80;105645
Выключатель АК50КБ-1МГ, 40/7, ТУ16-522.024-80;138850
Выключатель АК50КБ-1МГ, 4/7, ТУ16-522.024-80;105646
Выключатель АК50КБ-1МГ, 50/7, ТУ16-522.024-80;105648
Выключатель АК50КБ-1МГ, 5/7, ТУ16-522.024-80;105647
Выключатель АК50КБ-1МГ, 6,3/7, ТУ16-522.024-80;105649
Выключатель АК50КБ-1МГ, 8/7, ТУ16-522.024-80;105650
Выключатель АК50КБ-1МГ, 10/7, крепление за панелью, ТУ16-522.024-80;105651
Выключатель АК50КБ-1МГ, 16/7, крепление за панелью, ТУ16-522.024-80;105652
Выключатель АК50КБ-1МГ, 3,15/7, крепление за панелью, ТУ16-522.024-80;312536
Выключатель АК50КБ-1МГ, 4/7, крепление за панелью, ТУ16-522.024-80;239106
Выключатель АК50КБ-1МГ, 8/7, крепление за панелью, ТУ16-522.024-80;239107
Выключатель АК50КБ-2М, 25/12, ТУ16-522.024-80;105654
Выключатель АК50КБ-2М, 63/12, ТУ16-522.024-80;105655
Выключатель АК50КБ-2М, 50/12, со свободными контактами, ТУ16-522.024-80;105656
Выключатель АК50КБ-2М, 0,6/5, ТУ16-522.024-80;105657
Выключатель АК50КБ-2М, 1,6/5, ТУ16-522.024-80;105659
Выключатель АК50КБ-2М, 10/5, ТУ16-522.024-80;105661
Выключатель АК50КБ-2М, 16/5, ТУ16-522.024-80;105663
Выключатель АК50КБ-2М, 1/5, ТУ16-522.024-80;105658
Выключатель АК50КБ-2М, 2,5/5, ТУ16-522.024-80;105666
Выключатель АК50КБ-2М, 20/5, ТУ16-522.024-80;105667
Выключатель АК50КБ-2М, 25/5, ТУ16-522.024-80;105669
Выключатель АК50КБ-2М, 2/5, ТУ16-522.024-80;105664
Выключатель АК50КБ-2М, 3,15/5, ТУ16-522.024-80;105670
Выключатель АК50КБ-2М, 30/5, ТУ16-522.024-80;105671
Выключатель АК50КБ-2М, 35/5, ТУ16-522.024-80;105672
Выключатель АК50КБ-2М, 40/5, ТУ16-522.024-80;105674
Выключатель АК50КБ-2М, 4/5, ТУ16-522.024-80;105673
Выключатель АК50КБ-2М, 50/5, ТУ16-522.024-80;105676
Выключатель АК50КБ-2М, 5/5, ТУ16-522.024-80;105675
Выключатель АК50КБ-2М, 6,3/5, ТУ16-522.024-80;105677
Выключатель АК50КБ-2М, 8/5, ТУ16-522.024-80;105678
Выключатель АК50КБ-2М, 10/5, IP54 (с кабельными вводами), ТУ16-522.024-80;105679
Выключатель АК50КБ-2М, 16/5, IP54 (с кабельными вводами), ТУ16-522.024-80;261826
Выключатель АК50КБ-2М, 50/5, IP54 (с кабельными вводами), ТУ16-522.024-80;105680
Выключатель АК50КБ-2М, 10/5, IP54 (с сальниками), ТУ16-522.024-80;105681
Выключатель АК50КБ-2М, 16/5, IP54 (с сальниками), ТУ16-522.024-80;237815
Выключатель АК50КБ-2М, 2,5/5, IP54 (с сальниками), ТУ16-522.024-80;105682
Выключатель АК50КБ-2М, 20/5, IP54 (с сальниками), ТУ16-522.024-80;245675
Выключатель АК50КБ-2М, 30/5, IP54 (с сальниками), ТУ16-522.024-80;147492
Выключатель АК50КБ-2М, 50/5, IP54 (с сальниками), ТУ16-522.024-80;105683
Выключатель АК50КБ-2М, 5/5, IP54 (с сальниками), ТУ16-522.024-80;245674
Выключатель АК50КБ-2М, 0,6/5, со свободными контактами, ТУ16-522.024-80;147247
Выключатель АК50КБ-2М, 1,6/5, со свободными контактами, ТУ16-522.024-80;105685
Выключатель АК50КБ-2М, 10/5, со свободными контактами, ТУ16-522.024-80;105686
Выключатель АК50КБ-2М, 16/5, со свободными контактами, ТУ16-522.024-80;105687
Выключатель АК50КБ-2М, 1/5, со свободными контактами, ТУ16-522.024-80;105684
Выключатель АК50КБ-2М, 2,5/5, со свободными контактами, ТУ16-522.024-80;150252
Выключатель АК50КБ-2М, 20/5, со свободными контактами, ТУ16-522.024-80;105689
Выключатель АК50КБ-2М, 25/5, со свободными контактами, ТУ16-522.024-80;105690
Выключатель АК50КБ-2М, 2/5, со свободными контактами, ТУ16-522.024-80;105688
Выключатель АК50КБ-2М, 3,15/5, со свободными контактами, ТУ16-522.024-80;105691
Выключатель АК50КБ-2М, 30/5, со свободными контактами, ТУ16-522.024-80;105692
Выключатель АК50КБ-2М, 35/5, со свободными контактами, ТУ16-522.024-80;150850
Выключатель АК50КБ-2М, 40/5, со свободными контактами, ТУ16-522.024-80;105693
Выключатель АК50КБ-2М, 4/5, со свободными контактами, ТУ16-522.024-80;243880
Выключатель АК50КБ-2М, 50/5, со свободными контактами, ТУ16-522.024-80;105697
Выключатель АК50КБ-2М, 5/5, со свободными контактами, ТУ16-522.024-80;105694
Выключатель АК50КБ-2М, 6,3/5, со свободными контактами, ТУ16-522.024-80;105698
Выключатель АК50КБ-2М, 8/5, со свободными контактами, ТУ16-522.024-80;122525
Выключатель АК50КБ-2М, 30/5, со свободными контактами, IP54 (с сальниками), ТУ16-522.024-80;147498
Выключатель АК50КБ-2М, 5/5, со свободными контактами, IP54 (с сальниками), ТУ16-522.024-80;105699
Выключатель АК50КБ-2М, 10/5, со свободными контактами, крепление за панелью, ТУ16-522.024-80;105700
Выключатель АК50КБ-2М, 20/5, со свободными контактами, крепление за панелью, ТУ16-522.024-80;105701
Выключатель АК50КБ-2М, 5/5, со свободными контактами, крепление за панелью, ТУ16-522.024-80;105702
Выключатель АК50КБ-2М, 6,3/5, со свободными контактами, крепление за панелью, ТУ16-522.024-80;285648
Выключатель АК50КБ-2М, 10/5, крепление за панелью, ТУ16-522.024-80;105703
Выключатель АК50КБ-2М, 16/5, крепление за панелью, ТУ16-522.024-80;149020
Выключатель АК50КБ-2М,20/5, крепление за панелью, ТУ16-522.024-80;105704
Выключатель АК50КБ-2М, 2/5, крепление за панелью, ТУ16-522.024-80;294334
Выключатель АК50КБ-2М, 5/5, крепление за панелью, ТУ16-522.024-80;105705
Выключатель АК50КБ-2М, 8/5, крепление за панелью, ТУ16-522.024-80;105706
Выключатель АК50КБ-2М, постоянный, 1,6/5, ТУ16-522.024-80;147330
Выключатель АК50КБ-2М, постоянный, 10/5, ТУ16-522.024-80;105709
Выключатель АК50КБ-2М, постоянный, 16/5, ТУ16-522.024-80;105710
Выключатель АК50КБ-2М, постоянный, 1/5, ТУ16-522.024-80;105707
Выключатель АК50КБ-2М, постоянный, 20/5, ТУ16-522.024-80;105712
Выключатель АК50КБ-2М, постоянный, 25/5, ТУ16-522.024-80;105713
Выключатель АК50КБ-2М, постоянный, 2/5, ТУ16-522.024-80;105711
Выключатель АК50КБ-2М, постоянный, 3,15/5, ТУ16-522.024-80;105714
Выключатель АК50КБ-2М, постоянный, 30/5, ТУ16-522.024-80;105715
Выключатель АК50КБ-2М, постоянный, 35/5, ТУ16-522.024-80;105717
Выключатель АК50КБ-2М, постоянный, 40/5, ТУ16-522.024-80;105718
Выключатель АК50КБ-2М, постоянный, 4/5, ТУ16-522.024-80;220540
Выключатель АК50КБ-2М, постоянный, 50/5, ТУ16-522.024-80;105721
Выключатель АК50КБ-2М, постоянный, 5/5, ТУ16-522.024-80;105720
Выключатель АК50КБ-2М, постоянный, 6,3/5, ТУ16-522.024-80;105723
Выключатель АК50КБ-2М,постоянный,63/5, ТУ16-522.024-80;251101
Выключатель АК50КБ-2М, постоянный, 8/5, ТУ16-522.024-80;105724
Выключатель АК50КБ-2М, постоянный, 16/5, IP54 (с кабельными вводами), ТУ16-522.024-80;285396
Выключатель АК50КБ-2М, постоянный, 20/5, IP54 (с кабельными вводами), ТУ16-522.024-80;276089
Выключатель АК50КБ-2М, постоянный, 5/5, IP54 (с кабельными вводами), ТУ16-522.024-80;105725
Выключатель АК50КБ-2М, постоянный, 10/5, IP54 (с сальниками), ТУ16-522.024-80;142042
Выключатель АК50КБ-2М, постоянный, 16/5, IP54 (с сальниками), ТУ16-522.024-80;138981
Выключатель АК50КБ-2М, постоянный, 30/5, IP54 (с сальниками), ТУ16-522.024-80;105726
Выключатель АК50КБ-2М, постоянный, 50/5, IP54 (с сальниками), ТУ16-522.024-80;105727
Выключатель АК50КБ-2М, постоянный, 0,6/5, со свободными контактами, ТУ16-522.024-80;225679
Выключатель АК50КБ-2М, постоянный, 1,6/5, со свободными контактами, ТУ16-522.024-80;140888
Выключатель АК50КБ-2М, постоянный, 10/5, со свободными контактами, ТУ16-522.024-80;105729
Выключатель АК50КБ-2М, постоянный, 16/5, со свободными контактами, ТУ16-522.024-80;105730
Выключатель АК50КБ-2М, постоянный, 1/5, со свободными контактами, ТУ16-522.024-80;105728
Выключатель АК50КБ-2М, постоянный, 2,5/5, со свободными контактами, ТУ16-522.024-80;292081
Выключатель АК50КБ-2М, постоянный, 20/5, со свободными контактами, ТУ16-522.024-80;105732
Выключатель АК50КБ-2М, постоянный, 25/5, со свободными контактами, ТУ16-522.024-80;105733
Выключатель АК50КБ-2М, постоянный, 2/5, со свободными контактами, ТУ16-522.024-80;105731
Выключатель АК50КБ-2М, постоянный, 3,15/5, со свободными контактами, ТУ16-522.024-80;105734
Выключатель АК50КБ-2М, постоянный, 30/5, со свободными контактами, ТУ16-522.024-80;105735
Выключатель АК50КБ-2М, постоянный, 35/5, со свободными контактами, ТУ16-522.024-80;105736
Выключатель АК50КБ-2М, постоянный, 40/5, со свободными контактами, ТУ16-522.024-80;105738
Выключатель АК50КБ-2М, постоянный, 4/5, со свободными контактами, ТУ16-522.024-80;105737
Выключатель АК50КБ-2М, постоянный, 50/5, со свободными контактами, ТУ16-522.024-80;105741
Выключатель АК50КБ-2М, постоянный, 5/5, со свободными контактами, ТУ16-522.024-80;105739
Выключатель АК50КБ-2М, постоянный, 6,3/5, со свободными контактами, ТУ16-522.024-80;105743
Выключатель АК50КБ-2М, постоянный, 63/5, со свободными контактами, ТУ16-522.024-80;150837
Выключатель АК50КБ-2М, постоянный, 8/5, со свободными контактами, ТУ16-522.024-80;105744
Выключатель АК50КБ-2М, постоянный, 50/5, со свободными контактами, IP54 (с кабельными вводами), ТУ16-522.024-80;105746
Выключатель АК50КБ-2М, постоянный, 5/5, со свободными контактами, IP54 (с кабельными вводами), ТУ16-522.024-80;105745
Выключатель АК50КБ-2М, постоянный, 50/5, со свободными контактами, IP54 (с сальниками), ТУ16-522.024-80;105747
Выключатель АК50КБ-2М, постоянный, 0,6/5, со свободными контактами, крепление за панелью, ТУ16-522.024-80;105748
Выключатель АК50КБ-2М, постоянный, 10/5, со свободными контактами, крепление за панелью, ТУ16-522.024-80;105749
Выключатель АК50КБ-2М, постоянный, 20/5, со свободными контактами, крепление за панелью, ТУ16-522.024-80;105750
Выключатель АК50КБ-2М, постоянный, 35/5, со свободными контактами, крепление за панелью, ТУ16-522.024-80;105751
Выключатель АК50КБ-2М, постоянный, 4/5, со свободными контактами, крепление за панелью, ТУ16-522.024-80;105752
Выключатель АК50КБ-2М, постоянный, 50/5, со свободными контактами, крепление за панелью, ТУ16-522.024-80;105754
Выключатель АК50КБ-2М, постоянный, 5/5, со свободными контактами, крепление за панелью, ТУ16-522.024-80;105753
Выключатель АК50КБ-2М, постоянный, 10/5, крепление за панелью, ТУ16-522.024-80;105755
Выключатель АК50КБ-2М, постоянный, 20/5, крепление за панелью, ТУ16-522.024-80;244469
Выключатель АК50КБ-2М, постоянный, 30/5, крепление за панелью, ТУ16-522.024-80;113734
Выключатель АК50КБ-2М, постоянный, 50/5, крепление за панелью, ТУ16-522.024-80;105757
Выключатель АК50КБ-2М, постоянный, 5/5, крепление за панелью, ТУ16-522.024-80;105756
Выключатель АК50КБ-2М, 25/7, ТУ16-522.024-80;105758
Выключатель АК50КБ-2М, 30/7, ТУ16-522.024-80;105759
Выключатель АК50КБ-2М, 40/7, ТУ16-522.024-80;105760
Выключатель АК50КБ-2М, 50/7, ТУ16-522.024-80;105761
Выключатель АК50КБ-2М, 40/7, со свободными контактами, ТУ16-522.024-80;105762
Выключатель АК50КБ-2МГ, 1,6/14, ТУ16-522.024-80;105764
Выключатель АК50КБ-2МГ, 10/14, ТУ16-522.024-80;105766
Выключатель АК50КБ-2МГ, 16/14, ТУ16-522.024-80;105767
Выключатель АК50КБ-2МГ, 1/14, ТУ16-522.024-80;105763
Выключатель АК50КБ-2МГ, 2,5/14, ТУ16-522.024-80;105771
Выключатель АК50КБ-2МГ, 20/14, ТУ16-522.024-80;105772
Выключатель АК50КБ-2МГ, 25/14, ТУ16-522.024-80;105773
Выключатель АК50КБ-2МГ, 2/14, ТУ16-522.024-80;105769
Выключатель АК50КБ-2МГ, 3,15/14, ТУ16-522.024-80;105774
Выключатель АК50КБ-2МГ, 30/14, ТУ16-522.024-80;105775
Выключатель АК50КБ-2МГ, 40/14, ТУ16-522.024-80;105777
Выключатель АК50КБ-2МГ, 4/14, ТУ16-522.024-80;105776
Выключатель АК50КБ-2МГ, 50/14, ТУ16-522.024-80;105779
Выключатель АК50КБ-2МГ, 5/14, ТУ16-522.024-80;105778
Выключатель АК50КБ-2МГ, 6,3/14, ТУ16-522.024-80;105780
Выключатель АК50КБ-2МГ, 63/14, ТУ16-522.024-80;321419
Выключатель АК50КБ-2МГ, 8/14, ТУ16-522.024-80;105782
Выключатель АК50КБ-2МГ, 10/14, IP54 (с кабельными вводами), ТУ16-522.024-80;142583
Выключатель АК50КБ-2МГ, 2/14, IP54 (с кабельными вводами), ТУ16-522.024-80;105783
Выключатель АК50КБ-2МГ, 10/14, IP54 (с сальниками), ТУ16-522.024-80;105784
Выключатель АК50КБ-2МГ, 16/14, IP54 (с сальниками), ТУ16-522.024-80;105785
Выключатель АК50КБ-2МГ, 2,5/14, IP54 (с сальниками), ТУ16-522.024-80;105787
Выключатель АК50КБ-2МГ, 20/14, IP54 (с сальниками), ТУ16-522.024-80;271522
Выключатель АК50КБ-2МГ, 2/14, IP54 (с сальниками), ТУ16-522.024-80;105786
Выключатель АК50КБ-2МГ, 50/14, IP54 (с сальниками), ТУ16-522.024-80;140461
Выключатель АК50КБ-2МГ, 5/14, IP54 (с сальниками), ТУ16-522.024-80;257483
Выключатель АК50КБ-2МГ, 6,3/14, IP54 (с сальниками), ТУ16-522.024-80;105788
Выключатель АК50КБ-2МГ, 0,6/14, со свободными контактами, ТУ16-522.024-80;105789
Выключатель АК50КБ-2МГ, 1,6/14, со свободными контактами, ТУ16-522.024-80;105791
Выключатель АК50КБ-2МГ, 10/14, со свободными контактами, ТУ16-522.024-80;105792
Выключатель АК50КБ-2МГ, 16/14, со свободными контактами, ТУ16-522.024-80;105793
Выключатель АК50КБ-2МГ, 1/14, со свободными контактами, ТУ16-522.024-80;105790
Выключатель АК50КБ-2МГ, 2,5/14, со свободными контактами, ТУ16-522.024-80;105795
Выключатель АК50КБ-2МГ, 20/14, со свободными контактами, ТУ16-522.024-80;105796
Выключатель АК50КБ-2МГ, 25/14, со свободными контактами, ТУ16-522.024-80;105797
Выключатель АК50КБ-2МГ, 2/14, со свободными контактами, ТУ16-522.024-80;105794
Выключатель АК50КБ-2МГ, 3,15/14, со свободными контактами, ТУ16-522.024-80;105798
Выключатель АК50КБ-2МГ, 30/14, со свободными контактами, ТУ16-522.024-80;105799
Выключатель АК50КБ-2МГ, 35/14, со свободными контактами, ТУ16-522.024-80;105800
Выключатель АК50КБ-2МГ, 40/14, со свободными контактами, ТУ16-522.024-80;105802
Выключатель АК50КБ-2МГ, 4/14, со свободными контактами, ТУ16-522.024-80;105801
Выключатель АК50КБ-2МГ, 50/14, со свободными контактами, ТУ16-522.024-80;105804
Выключатель АК50КБ-2МГ, 5/14, со свободными контактами, ТУ16-522.024-80;105803
Выключатель АК50КБ-2МГ, 6,3/14, со свободными контактами, ТУ16-522.024-80;105805
Выключатель АК50КБ-2МГ, 63/14, со свободными контактами, ТУ16-522.024-80;312242
Выключатель АК50КБ-2МГ, 8/14, со свободными контактами, ТУ16-522.024-80;105806
Выключатель АК50КБ-2МГ, 16/14, со свободными контактами, IP54 (с кабельными вводами), ТУ16-522.024-80;105807
Выключатель АК50КБ-2МГ, 3,15/14, со свободными контактами, IP54 (с кабельными вводами), ТУ16-522.024-80;105808
Выключатель АК50КБ-2МГ, 0,6/14, со свободными контактами, крепление за панелью, ТУ16-522.024-80;239130
Выключатель АК50КБ-2МГ, 1,6/14, со свободными контактами, крепление за панелью, ТУ16-522.024-80;239118
Выключатель АК50КБ-2МГ, 10/14, со свободными контактами, крепление за панелью, ТУ16-522.024-80;243429
Выключатель АК50КБ-2МГ, 1/14, со свободными контактами, крепление за панелью, ТУ16-522.024-80;243425
Выключатель АК50КБ-2МГ, 25/14, со свободными контактами, крепление за панелью, ТУ16-522.024-80;272354
Выключатель АК50КБ-2МГ, 2/14, со свободными контактами, крепление за панелью, ТУ16-522.024-80;243426
Выключатель АК50КБ-2МГ, 8/14, со свободными контактами, крепление за панелью, ТУ16-522.024-80;276058
Выключатель АК50КБ-2МГ, 16/14, крепление за панелью, ТУ16-522.024-80;105809
Выключатель АК50КБ-2МГ, 2,5/14, крепление за панелью, ТУ16-522.024-80;233645
Выключатель АК50КБ-2МГ, 30/14, крепление за панелью, ТУ16-522.024-80;105810
Выключатель АК50КБ-2МГ, 0,6/5, ТУ16-522.024-80;105811
Выключатель АК50КБ-2МГ, 1,6/5, ТУ16-522.024-80;105813
Выключатель АК50КБ-2МГ, 10/5, ТУ16-522.024-80;105814
Выключатель АК50КБ-2МГ, 16/5, ТУ16-522.024-80;105816
Выключатель АК50КБ-2МГ, 1/5, ТУ16-522.024-80;105812
Выключатель АК50КБ-2МГ, 2,5/5, ТУ16-522.024-80;105819
Выключатель АК50КБ-2МГ, 20/5, ТУ16-522.024-80;105820
Выключатель АК50КБ-2МГ, 25/5, ТУ16-522.024-80;105821
Выключатель АК50КБ-2МГ, 2/5, ТУ16-522.024-80;105817
Выключатель АК50КБ-2МГ, 3,15/5, ТУ16-522.024-80;105822
Выключатель АК50КБ-2МГ, 30/5, ТУ16-522.024-80;105823
Выключатель АК50КБ-2МГ, 35/5, ТУ16-522.024-80;105824
Выключатель АК50КБ-2МГ, 40/5, ТУ16-522.024-80;105826
Выключатель АК50КБ-2МГ, 4/5, ТУ16-522.024-80;105825
Выключатель АК50КБ-2МГ, 50/5, ТУ16-522.024-80;105828
Выключатель АК50КБ-2МГ, 5/5, ТУ16-522.024-80;105827
Выключатель АК50КБ-2МГ, 6,3/5, ТУ16-522.024-80;105829
Выключатель АК50КБ-2МГ, 63/5, ТУ16-522.024-80;279634
Выключатель АК50КБ-2МГ, 8/5, ТУ16-522.024-80;105831
Выключатель АК50КБ-2МГ, 10/5, IP54 (с кабельными вводами), ТУ16-522.024-80;105832
Выключатель АК50КБ-2МГ, 50/5, IP54 (с кабельными вводами), ТУ16-522.024-80;105833
Выключатель АК50КБ-2МГ, 6,3/5, IP54 (с кабельными вводами), ТУ16-522.024-80;105834
Выключатель АК50КБ-2МГ, 50/5, IP54 (с сальниками), ТУ16-522.024-80;105835
Выключатель АК50КБ-2МГ, 6,3/5, IP54 (с сальниками), ТУ16-522.024-80;282756
Выключатель АК50КБ-2МГ, 0,6/5, со свободными контактами, ТУ16-522.024-80;105836
Выключатель АК50КБ-2МГ, 1,6/5, со свободными контактами, ТУ16-522.024-80;105838
Выключатель АК50КБ-2МГ, 10/5, со свободными контактами, ТУ16-522.024-80;105839
Выключатель АК50КБ-2МГ, 16/5, со свободными контактами, ТУ16-522.024-80;105841
Выключатель АК50КБ-2МГ, 1/5, со свободными контактами, ТУ16-522.024-80;105837
Выключатель АК50КБ-2МГ, 2,5/5, со свободными контактами, ТУ16-522.024-80;105843
Выключатель АК50КБ-2МГ, 20/5, со свободными контактами, ТУ16-522.024-80;105844
Выключатель АК50КБ-2МГ, 25/5, со свободными контактами, ТУ16-522.024-80;105845
Выключатель АК50КБ-2МГ, 2/5, со свободными контактами, ТУ16-522.024-80;105842
Выключатель АК50КБ-2МГ, 3,15/5, со свободными контактами, ТУ16-522.024-80;105846
Выключатель АК50КБ-2МГ, 30/5, со свободными контактами, ТУ16-522.024-80;105847
Выключатель АК50КБ-2МГ, 35/5, со свободными контактами, ТУ16-522.024-80;105848
Выключатель АК50КБ-2МГ, 40/5, со свободными контактами, ТУ16-522.024-80;105849
Выключатель АК50КБ-2МГ, 4/5, со свободными контактами, ТУ16-522.024-80;239079
Выключатель АК50КБ-2МГ, 50/5, со свободными контактами, ТУ16-522.024-80;105851
Выключатель АК50КБ-2МГ, 5/5, со свободными контактами, ТУ16-522.024-80;105850
Выключатель АК50КБ-2МГ, 6,3/5, со свободными контактами, ТУ16-522.024-80;105852
Выключатель АК50КБ-2МГ, 63/5, со свободными контактами, ТУ16-522.024-80;239129
Выключатель АК50КБ-2МГ, 8/5, со свободными контактами, ТУ16-522.024-80;105853
Выключатель АК50КБ-2МГ, 10/5, со свободными контактами, IP54 (с кабельными вводами), ТУ16-522.024-80;105854
Выключатель АК50КБ-2МГ 1,6/5, со свободными контактами, крепление за панелью, ТУ16-522.024-80;286760
Выключатель АК50КБ-2МГ 2,5/5, со свободными контактами, крепление за панелью, ТУ16-522.024-80;228254
Выключатель АК50КБ-2МГ, 10/5, крепление за панелью, ТУ16-522.024-80;255210
Выключатель АК50КБ-2МГ, 16/5, крепление за панелью, ТУ16-522.024-80;255211
Выключатель АК50КБ-2МГ, 20/5, крепление за панелью, ТУ16-522.024-80;269173
Выключатель АК50КБ-2МГ, 25/5, крепление за панелью, ТУ16-522.024-80;271846
Выключатель АК50КБ-2МГ, 2/5, крепление за панелью, ТУ16-522.024-80;244228
Выключатель АК50КБ-2МГ, 5/5, крепление за панелью, ТУ16-522.024-80;105855
Выключатель АК50КБ-2МГ, 6,3/5, крепление за панелью, ТУ16-522.024-80;255209
Выключатель АК50КБ-2МГ, постоянный, 10/5, ТУ16-522.024-80;105857
Выключатель АК50КБ-2МГ, постоянный, 16/5, ТУ16-522.024-80;105859
Выключатель АК50КБ-2МГ, постоянный, 1/5, ТУ16-522.024-80;105856
Выключатель АК50КБ-2МГ, постоянный, 2,5/5, ТУ16-522.024-80;105860
Выключатель АК50КБ-2МГ, постоянный, 20/5, ТУ16-522.024-80;105861
Выключатель АК50КБ-2МГ, постоянный, 25/5, ТУ16-522.024-80;105862
Выключатель АК50КБ-2МГ, постоянный, 3,15/5, ТУ16-522.024-80;105863
Выключатель АК50КБ-2МГ, постоянный, 30/5, ТУ16-522.024-80;105864
Выключатель АК50КБ-2МГ, постоянный, 35/5, ТУ16-522.024-80;105865
Выключатель АК50КБ-2МГ, постоянный, 40/5, ТУ16-522.024-80;105866
Выключатель АК50КБ-2МГ, постоянный, 4/5, ТУ16-522.024-80;116669
Выключатель АК50КБ-2МГ, постоянный, 50/5, ТУ16-522.024-80;105868
Выключатель АК50КБ-2МГ, постоянный, 5/5, ТУ16-522.024-80;105867
Выключатель АК50КБ-2МГ, постоянный, 6,3/5, ТУ16-522.024-80;105870
Выключатель АК50КБ-2МГ, постоянный, 8/5, ТУ16-522.024-80;105871
Выключатель АК50КБ-2МГ, постоянный, 16/5, IP54 (с кабельными вводами), ТУ16-522.024-80;105873
Выключатель АК50КБ-2МГ, постоянный, 1/5, IP54 (с кабельными вводами), ТУ16-522.024-80;105872
Выключатель АК50КБ-2МГ, постоянный, 50/5, IP54 (с кабельными вводами), ТУ16-522.024-80;105874
Выключатель АК50КБ-2МГ, постоянный, 50/5, IP54 (с сальниками), ТУ16-522.024-80;105875
Выключатель АК50КБ-2МГ, постоянный, 0,6/5, со свободными контактами, ТУ16-522.024-80;105876
Выключатель АК50КБ-2МГ, постоянный, 1,6/5, со свободными контактами, ТУ16-522.024-80;105878
Выключатель АК50КБ-2МГ, постоянный, 10/5, со свободными контактами, ТУ16-522.024-80;105879
Выключатель АК50КБ-2МГ, постоянный, 16/5, со свободными контактами, ТУ16-522.024-80;105880
Выключатель АК50КБ-2МГ, постоянный, 1/5, со свободными контактами, ТУ16-522.024-80;105877
Выключатель АК50КБ-2МГ, постоянный, 2,5/5, со свободными контактами, ТУ16-522.024-80;105882
Выключатель АК50КБ-2МГ, постоянный, 20/5, со свободными контактами, ТУ16-522.024-80;105883
Выключатель АК50КБ-2МГ, постоянный, 25/5, со свободными контактами, ТУ16-522.024-80;105884
Выключатель АК50КБ-2МГ, постоянный, 2/5, со свободными контактами, ТУ16-522.024-80;105881
Выключатель АК50КБ-2МГ, постоянный, 3,15/5, со свободными контактами, ТУ16-522.024-80;105885
Выключатель АК50КБ-2МГ, постоянный, 30/5, со свободными контактами, ТУ16-522.024-80;105886
Выключатель АК50КБ-2МГ, постоянный, 35/5, со свободными контактами, ТУ16-522.024-80;105887
Выключатель АК50КБ-2МГ, постоянный, 40/5, со свободными контактами, ТУ16-522.024-80;105889
Выключатель АК50КБ-2МГ, постоянный, 4/5, со свободными контактами, ТУ16-522.024-80;105888
Выключатель АК50КБ-2МГ, постоянный, 50/5, со свободными контактами, ТУ16-522.024-80;105892
Выключатель АК50КБ-2МГ, постоянный, 5/5, со свободными контактами, ТУ16-522.024-80;105891
Выключатель АК50КБ-2МГ, постоянный, 6,3/5, со свободными контактами, ТУ16-522.024-80;105894
Выключатель АК50КБ-2МГ, постоянный, 63/5, со свободными контактами, ТУ16-522.024-80;105895
Выключатель АК50КБ-2МГ, постоянный, 8/5, со свободными контактами, ТУ16-522.024-80;105896
Выключатель АК50КБ-2МГ, постоянный, 2/5, со свободными контактами, IP54 (с кабельными вводами), ТУ16-522.024-80;105897
Выключатель АК50КБ-2МГ, постоянный, 40/5, со свободными контактами, IP54 (с кабельными вводами), ТУ16-522.024-80;105898
Выключатель АК50КБ-2МГ, постоянный, 50/5, со свободными контактами, IP54 (с кабельными вводами), ТУ16-522.024-80;105899
Выключатель АК50КБ-2МГ, постоянный, 25/5, со свободными контактами, крепление за панелью, ТУ16-522.024-80;105900
Выключатель АК50КБ-2МГ, постоянный, 10/5, крепление за панелью, ТУ16-522.024-80;105902
Выключатель АК50КБ-2МГ, постоянный, 1/5, крепление за панелью, ТУ16-522.024-80;105901
Выключатель АК50КБ-2МГ, постоянный, 20/5, крепление за панелью, ТУ16-522.024-80;105903
Выключатель АК50КБ-2МГ, постоянный, 25/5, крепление за панелью, ТУ16-522.024-80;105904
Выключатель АК50КБ-2МГ, постоянный, 30/5, крепление за панелью, ТУ16-522.024-80;105905
Выключатель АК50КБ-2МГ, постоянный, 40/5, крепление за панелью, ТУ16-522.024-80;105906
Выключатель АК50КБ-2МГ, постоянный, 50/5, крепление за панелью, ТУ16-522.024-80;258611
Выключатель АК50КБ-2МГ, постоянный, 6,3/5, крепление за панелью, ТУ16-522.024-80;105907
Выключатель АК50КБ-2МГ, 0,6/7, ТУ16-522.024-80;105909
Выключатель АК50КБ-2МГ, 1,6/7, ТУ16-522.024-80;105911
Выключатель АК50КБ-2МГ, 10/7, ТУ16-522.024-80;105912
Выключатель АК50КБ-2МГ, 16/7, ТУ16-522.024-80;105914
Выключатель АК50КБ-2МГ, 1/7, ТУ16-522.024-80;105910
Выключатель АК50КБ-2МГ, 2,5/7, ТУ16-522.024-80;105915
Выключатель АК50КБ-2МГ, 20/7, ТУ16-522.024-80;105916
Выключатель АК50КБ-2МГ, 25/7, ТУ16-522.024-80;105917
Выключатель АК50КБ-2МГ, 2/7, ТУ16-522.024-80;150845
Выключатель АК50КБ-2МГ, 3,15/7, ТУ16-522.024-80;105918
Выключатель АК50КБ-2МГ, 30/7, ТУ16-522.024-80;105919
Выключатель АК50КБ-2МГ, 35/7, ТУ16-522.024-80;105920
Выключатель АК50КБ-2МГ, 40/7, ТУ16-522.024-80;105922
Выключатель АК50КБ-2МГ, 4/7, ТУ16-522.024-80;105921
Выключатель АК50КБ-2МГ, 50/7, ТУ16-522.024-80;105924
Выключатель АК50КБ-2МГ, 5/7, ТУ16-522.024-80;105923
Выключатель АК50КБ-2МГ, 6,3/7, ТУ16-522.024-80;105925
Выключатель АК50КБ-2МГ, 63/7, ТУ16-522.024-80;321420
Выключатель АК50КБ-2МГ, 8/7, ТУ16-522.024-80;105926
Выключатель АК50КБ-2МГ, 16/7, IP54 (с кабельными вводами), ТУ16-522.024-80;105908
Выключатель АК50КБ-2МГ, 25/7, IP54 (с сальниками), ТУ16-522.024-80;233943
Выключатель АК50КБ-2МГ, 0,6/7, со свободными контактами, ТУ16-522.024-80;105927
Выключатель АК50КБ-2МГ, 1,6/7, со свободными контактами, ТУ16-522.024-80;105929
Выключатель АК50КБ-2МГ, 10/7, со свободными контактами, ТУ16-522.024-80;105930
Выключатель АК50КБ-2МГ, 16/7, со свободными контактами, ТУ16-522.024-80;105931
Выключатель АК50КБ-2МГ, 1/7, со свободными контактами, ТУ16-522.024-80;105928
Выключатель АК50КБ-2МГ, 2,5/7, со свободными контактами, ТУ16-522.024-80;105933
Выключатель АК50КБ-2МГ, 20/7, со свободными контактами, ТУ16-522.024-80;105934
Выключатель АК50КБ-2МГ, 25/7, со свободными контактами, ТУ16-522.024-80;105935
Выключатель АК50КБ-2МГ, 2/7, со свободными контактами, ТУ16-522.024-80;105932
Выключатель АК50КБ-2МГ, 3,15/7, со свободными контактами, ТУ16-522.024-80;105936
Выключатель АК50КБ-2МГ, 30/7, со свободными контактами, ТУ16-522.024-80;105937
Выключатель АК50КБ-2МГ, 35/7, со свободными контактами, ТУ16-522.024-80;105938
Выключатель АК50КБ-2МГ, 40/7, со свободными контактами, ТУ16-522.024-80;221818
Выключатель АК50КБ-2МГ, 4/7, со свободными контактами, ТУ16-522.024-80;105939
Выключатель АК50КБ-2МГ, 50/7, со свободными контактами, ТУ16-522.024-80;105941
Выключатель АК50КБ-2МГ, 5/7, со свободными контактами, ТУ16-522.024-80;105940
Выключатель АК50КБ-2МГ, 6,3/7, со свободными контактами, ТУ16-522.024-80;105942
Выключатель АК50КБ-2МГ, 8/7, со свободными контактами, ТУ16-522.024-80;105943
Выключатель АК50КБ-2МГ, 0,6/7, со свободными контактами, крепление за панелью, ТУ16-522.024-80;239108
Выключатель АК50КБ-2МГ, 1,6/7, со свободными контактами, крепление за панелью, ТУ16-522.024-80;272353
Выключатель АК50КБ-2МГ, 10/7, со свободными контактами, крепление за панелью, ТУ16-522.024-80;245559
Выключатель АК50КБ-2МГ, 16/7, со свободными контактами, крепление за панелью, ТУ16-522.024-80;239115
Выключатель АК50КБ-2МГ, 1/7, со свободными контактами, крепление за панелью, ТУ16-522.024-80;239109
Выключатель АК50КБ-2МГ, 2,5/7, со свободными контактами, крепление за панелью, ТУ16-522.024-80;246485
Выключатель АК50КБ-2МГ, 20/7, со свободными контактами, крепление за панелью, ТУ16-522.024-80;274705
Выключатель АК50КБ-2МГ, 25/7, со свободными контактами, крепление за панелью, ТУ16-522.024-80;105944
Выключатель АК50КБ-2МГ, 2/7, со свободными контактами, крепление за панелью, ТУ16-522.024-80;274699
Выключатель АК50КБ-2МГ, 3,15/7, со свободными контактами, крепление за панелью, ТУ16-522.024-80;149112
Выключатель АК50КБ-2МГ, 35/7, со свободными контактами, крепление за панелью, ТУ16-522.024-80;239116
Выключатель АК50КБ-2МГ, 4/7, со свободными контактами, крепление за панелью, ТУ16-522.024-80;274700
Выключатель АК50КБ-2МГ, 50/7, со свободными контактами, крепление за панелью, ТУ16-522.024-80;239117
Выключатель АК50КБ-2МГ, 5/7, со свободными контактами, крепление за панелью, ТУ16-522.024-80;239110
Выключатель АК50КБ-2МГ, 6,3/7, со свободными контактами, крепление за панелью, ТУ16-522.024-80;239112
Выключатель АК50КБ-2МГ, 8/7, со свободными контактами, крепление за панелью, ТУ16-522.024-80;239114
Выключатель АК50КБ-2МГ, 10/7, крепление за панелью, ТУ16-522.024-80;105945
Выключатель АК50КБ-2МГ, 16/7, крепление за панелью, ТУ16-522.024-80;105946
Выключатель АК50КБ-2МГ, 25/7, крепление за панелью, ТУ16-522.024-80;105947
Выключатель АК50КБ-2МГ, 3,15/7, крепление за панелью, ТУ16-522.024-80;245192
Выключатель АК50КБ-2МГ, 35/7, крепление за панелью, ТУ16-522.024-80;105948
Выключатель АК50КБ-2МГ, 40/7, крепление за панелью, ТУ16-522.024-80;249980
Выключатель АК50КБ-2МГ, 6,3/7, крепление за панелью, ТУ16-522.024-80;105949
Выключатель АК50КБ-3, без максимальных расцепителей, с дистанционным приводом, 50, ~Uд380В, ТУ16-522.024-80;105950
Выключатель АК50КБ-3М, 25/12, ТУ16-522.024-80;105951
Выключатель АК50КБ-3М, 30/12, ТУ16-522.024-80;105952
Выключатель АК50КБ-3М, 35/12, ТУ16-522.024-80;105953
Выключатель АК50КБ-3М, 40/12, ТУ16-522.024-80;105954
Выключатель АК50КБ-3М, 50/12, ТУ16-522.024-80;105956
Выключатель АК50КБ-3М, 63/12, ТУ16-522.024-80;105957
Выключатель АК50КБ-3М, 25/12, со свободными контактами, ТУ16-522.024-80;105958
Выключатель АК50КБ-3М, 30/12, со свободными контактами, ТУ16-522.024-80;105959
Выключатель АК50КБ-3М, 35/12, со свободными контактами, ТУ16-522.024-80;105960
Выключатель АК50КБ-3М, 40/12, со свободными контактами, ТУ16-522.024-80;246427
Выключатель АК50КБ-3М, 50/12, со свободными контактами, ТУ16-522.024-80;105961
Выключатель АК50КБ-3М, 63/12, со свободными контактами, ТУ16-522.024-80;105962
Выключатель АК50КБ-3М, 0,6/5, ТУ16-522.024-80;105964
Выключатель АК50КБ-3М, 1,6/5, ТУ16-522.024-80;105967
Выключатель АК50КБ-3М, 10/5, ТУ16-522.024-80;105969
Выключатель АК50КБ-3М, 16/5, ТУ16-522.024-80;105971
Выключатель АК50КБ-3М, 1/5, ТУ16-522.024-80;105966
Выключатель АК50КБ-3М, 2,5/5, ТУ16-522.024-80;105974
Выключатель АК50КБ-3М, 20/5, ТУ16-522.024-80;105975
Выключатель АК50КБ-3М, 25/5, ТУ16-522.024-80;105976
Выключатель АК50КБ-3М, 2/5, ТУ16-522.024-80;105973
Выключатель АК50КБ-3М, 3,15/5, ТУ16-522.024-80;105978
Выключатель АК50КБ-3М, 30/5, ТУ16-522.024-80;105979
Выключатель АК50КБ-3М, 35/5, ТУ16-522.024-80;105980
Выключатель АК50КБ-3М, 40/5, ТУ16-522.024-80;105982
Выключатель АК50КБ-3М, 4/5, ТУ16-522.024-80;105981
Выключатель АК50КБ-3М, 50/5, ТУ16-522.024-80;105985
Выключатель АК50КБ-3М, 5/5, ТУ16-522.024-80;105983
Выключатель АК50КБ-3М, 6,3/5, ТУ16-522.024-80;105986
Выключатель АК50КБ-3М, 63/5, ТУ16-522.024-80;138184
Выключатель АК50КБ-3М, 8/5, ТУ16-522.024-80;105987
Выключатель АК50КБ-3М, 0,6/5, IP54 (с кабельными вводами), ТУ16-522.024-80;251891
Выключатель АК50КБ-3М, 10/5, IP54 (с кабельными вводами), ТУ16-522.024-80;105988
Выключатель АК50КБ-3М, 5/5, IP54 (с кабельными вводами), ТУ16-522.024-80;105989
Выключатель АК50КБ-3М, 0,6/5, IP54 (с сальниками), ТУ16-522.024-80;222805
Выключатель АК50КБ-3М, 10/5, IP54 (с сальниками), ТУ16-522.024-80;105990
Выключатель АК50КБ-3М, 16/5, IP54 (с сальниками), ТУ16-522.024-80;105991
Выключатель АК50КБ-3М, 20/5, IP54 (с сальниками), ТУ16-522.024-80;231972
Выключатель АК50КБ-3М, 3,15/5, IP54 (с сальниками), ТУ16-522.024-80;105992
Выключатель АК50КБ-3М, 4/5, IP54 (с сальниками), ТУ16-522.024-80;229837
Выключатель АК50КБ-3М, 6,3/5, IP54 (с сальниками), ТУ16-522.024-80;146837
Выключатель АК50КБ-3М, 0,6/5, со свободными контактами, ТУ16-522.024-80;106372
Выключатель АК50КБ-3М, 1,6/5, со свободными контактами, ТУ16-522.024-80;106002
Выключатель АК50КБ-3М, 10/5, со свободными контактами, ТУ16-522.024-80;106003
Выключатель АК50КБ-3М, 16/5, со свободными контактами, ТУ16-522.024-80;106004
Выключатель АК50КБ-3М, 1/5, со свободными контактами, ТУ16-522.024-80;106001
Выключатель АК50КБ-3М, 2,5/5, со свободными контактами, ТУ16-522.024-80;147834
Выключатель АК50КБ-3М, 20/5, со свободными контактами, ТУ16-522.024-80;106006
Выключатель АК50КБ-3М, 25/5, со свободными контактами, ТУ16-522.024-80;106007
Выключатель АК50КБ-3М, 2/5, со свободными контактами, ТУ16-522.024-80;106005
Выключатель АК50КБ-3М, 3,15/5, со свободными контактами, ТУ16-522.024-80;106008
Выключатель АК50КБ-3М, 30/5, со свободными контактами, ТУ16-522.024-80;106009
Выключатель АК50КБ-3М, 35/5, со свободными контактами, ТУ16-522.024-80;106010
Выключатель АК50КБ-3М, 40/5, со свободными контактами, ТУ16-522.024-80;112721
Выключатель АК50КБ-3М, 4/5, со свободными контактами, ТУ16-522.024-80;106011
Выключатель АК50КБ-3М, 50/5, со свободными контактами, ТУ16-522.024-80;106013
Выключатель АК50КБ-3М, 5/5, со свободными контактами, ТУ16-522.024-80;106012
Выключатель АК50КБ-3М, 6,3/5, со свободными контактами, ТУ16-522.024-80;106014
Выключатель АК50КБ-3М, 63/5, со свободными контактами, ТУ16-522.024-80;150838
Выключатель АК50КБ-3М, 8/5, со свободными контактами, ТУ16-522.024-80;106015
Выключатель АК50КБ-3М,16/5, со свободными контактами, крепление за панелью, ТУ16-522.024-80;148511
Выключатель АК50КБ-3М, 50/5, со свободными контактами, крепление за панелью, ТУ16-522.024-80;106016
Выключатель АК50КБ-3М, 10/5, крепление за панелью, ТУ16-522.024-80;106017
Выключатель АК50КБ-3М, 2/5, крепление за панелью, ТУ16-522.024-80;254472
Выключатель АК50КБ-3М, 50/5, крепление за панелью, ТУ16-522.024-80;105963
Выключатель АК50КБ-3М, 25/7, ТУ16-522.024-80;106018
Выключатель АК50КБ-3М, 30/7, ТУ16-522.024-80;106019
Выключатель АК50КБ-3М, 35/7, ТУ16-522.024-80;250743
Выключатель АК50КБ-3М, 40/7, ТУ16-522.024-80;106020
Выключатель АК50КБ-3М, 50/7, ТУ16-522.024-80;106021
Выключатель АК50КБ-3М, 63/7, ТУ16-522.024-80;263790
Выключатель АК50КБ-3М, 25/7, со свободными контактами, ТУ16-522.024-80;106022
Выключатель АК50КБ-3М, 30/7, со свободными контактами, ТУ16-522.024-80;106023
Выключатель АК50КБ-3М, 35/7, со свободными контактами, ТУ16-522.024-80;106024
Выключатель АК50КБ-3М, 40/7, со свободными контактами, ТУ16-522.024-80;106025
Выключатель АК50КБ-3М, 50/7, со свободными контактами, ТУ16-522.024-80;106026
Выключатель АК50КБ-3М, 63/7, со свободными контактами, ТУ16-522.024-80;311028
Выключатель АК50КБ-3М, 25/7, со свободными контактами, крепление за панелью, ТУ16-522.024-80;106027
Выключатель АК50КБ-3МГ, 0,6/14, ТУ16-522.024-80;106032
Выключатель АК50КБ-3МГ, 1,6/14, ТУ16-522.024-80;106035
Выключатель АК50КБ-3МГ, 10/14, ТУ16-522.024-80;106036
Выключатель АК50КБ-3МГ, 16/14, ТУ16-522.024-80;106037
Выключатель АК50КБ-3МГ, 16/14, Экспорт;280973
Выключатель АК50КБ-3МГ, 1/14, ТУ16-522.024-80;106034
Выключатель АК50КБ-3МГ, 2,5/14, ТУ16-522.024-80;106041
Выключатель АК50КБ-3МГ, 20/14, ТУ16-522.024-80;106044
Выключатель АК50КБ-3МГ, 25/14, ТУ16-522.024-80;106046
Выключатель АК50КБ-3МГ, 2/14, ТУ16-522.024-80;106039
Выключатель АК50КБ-3МГ, 3,15/14, ТУ16-522.024-80;106047
Выключатель АК50КБ-3МГ, 30/14, ТУ16-522.024-80;106048
Выключатель АК50КБ-3МГ, 35/14, ТУ16-522.024-80;106049
Выключатель АК50КБ-3МГ, 4/14, ТУ16-522.024-80;106051
Выключатель АК50КБ-3МГ, 40/14, ТУ16-522.024-80;106052
Выключатель АК50КБ-3МГ, 50/14, ТУ16-522.024-80;106055
Выключатель АК50КБ-3МГ, 5/14, ТУ16-522.024-80;106054
Выключатель АК50КБ-3МГ, 6,3/14, ТУ16-522.024-80;106059
Выключатель АК50КБ-3МГ, 63/14, ТУ16-522.024-80;106060
Выключатель АК50КБ-3МГ, 8/14, ТУ16-522.024-80;106061
Выключатель АК50КБ-3МГ, 1,6/14, IP54 (с кабельными вводами), ТУ16-522.024-80;267331
Выключатель АК50КБ-3МГ, 10/14, IP54 (с кабельными вводами), ТУ16-522.024-80;106064
Выключатель АК50КБ-3МГ, 16/14, IP54 (с кабельными вводами), ТУ16-522.024-80;106065
Выключатель АК50КБ-3МГ, 1/14, IP54 (с кабельными вводами), ТУ16-522.024-80;106063
Выключатель АК50КБ-3МГ, 2,5/14, IP54 (с кабельными вводами), ТУ16-522.024-80;106067
Выключатель АК50КБ-3МГ, 2/14, IP54 (с кабельными вводами), ТУ16-522.024-80;106066
Выключатель АК50КБ-3МГ, 30/14, IP54 (с кабельными вводами), ТУ16-522.024-80;259869
Выключатель АК50КБ-3МГ, 4/14, IP54 (с кабельными вводами), ТУ16-522.024-80;106068
Выключатель АК50КБ-3МГ, 50/14, IP54 (с кабельными вводами), ТУ16-522.024-80;106070
Выключатель АК50КБ-3МГ, 5/14, IP54 (с кабельными вводами), ТУ16-522.024-80;106069
Выключатель АК50КБ-3МГ, 8/14, IP54 (с кабельными вводами), ТУ16-522.024-80;106071
Выключатель АК50КБ-3МГ, 1,6/14, IP54 (с сальниками), ТУ16-522.024-80;267332
Выключатель АК50КБ-3МГ, 16/14, IP54 (с сальниками), ТУ16-522.024-80;106072
Выключатель АК50КБ-3МГ, 20/14, IP54 (с сальниками), ТУ16-522.024-80;271521
Выключатель АК50КБ-3МГ, 25/14, IP54 (с сальниками), ТУ16-522.024-80;257482
Выключатель АК50КБ-3МГ, 2/14, IP54 (с сальниками), ТУ16-522.024-80;257480
Выключатель АК50КБ-3МГ, 35/14, IP54 (с сальниками), ТУ16-522.024-80;257481
Выключатель АК50КБ-3МГ, 40/14, IP54 (с сальниками), ТУ16-522.024-80;106073
Выключатель АК50КБ-3МГ, 4/14, IP54 (с сальниками), ТУ16-522.024-80;257484
Выключатель АК50КБ-3МГ, 50/14, IP54 (с сальниками), ТУ16-522.024-80;106074
Выключатель АК50КБ-3МГ, 5/14, IP54 (с сальниками), ТУ16-522.024-80;225735
Выключатель АК50КБ-3МГ, 6,3/14, IP54 (с сальниками), ТУ16-522.024-80;106075
Выключатель АК50КБ-3МГ, 0,6/14, со свободными контактами, ТУ16-522.024-80;106076
Выключатель АК50КБ-3МГ, 1,6/14, со свободными контактами, ТУ16-522.024-80;106078
Выключатель АК50КБ-3МГ, 10/14, со свободными контактами, ТУ16-522.024-80;106079
Выключатель АК50КБ-3МГ, 16/14, со свободными контактами, ТУ16-522.024-80;106080
Выключатель АК50КБ-3МГ, 1/14, со свободными контактами, ТУ16-522.024-80;106077
Выключатель АК50КБ-3МГ, 2,5/14, со свободными контактами, ТУ16-522.024-80;106082
Выключатель АК50КБ-3МГ, 20/14, со свободными контактами, ТУ16-522.024-80;106083
Выключатель АК50КБ-3МГ, 25/14, со свободными контактами, ТУ16-522.024-80;106084
Выключатель АК50КБ-3МГ, 2/14, со свободными контактами, ТУ16-522.024-80;106081
Выключатель АК50КБ-3МГ, 3,15/14, со свободными контактами, ТУ16-522.024-80;106085
Выключатель АК50КБ-3МГ, 30/14, со свободными контактами, ТУ16-522.024-80;106086
Выключатель АК50КБ-3МГ, 35/14, со свободными контактами, ТУ16-522.024-80;106087
Выключатель АК50КБ-3МГ, 40/14, со свободными контактами, ТУ16-522.024-80;106089
Выключатель АК50КБ-3МГ, 4/14, со свободными контактами, ТУ16-522.024-80;106088
Выключатель АК50КБ-3МГ, 50/14, со свободными контактами, ТУ16-522.024-80;106091
Выключатель АК50КБ-3МГ, 5/14, со свободными контактами, ТУ16-522.024-80;106090
Выключатель АК50КБ-3МГ, 6,3/14, со свободными контактами, ТУ16-522.024-80;106092
Выключатель АК50КБ-3МГ,63/14, со свободными контактами, ТУ16-522.024-80;106093
Выключатель АК50КБ-3МГ, 8/14, со свободными контактами, ТУ16-522.024-80;106094
Выключатель АК50КБ-3МГ, 3,15/14, со свободными контактами, IP54 (с кабельными вводами), ТУ16-522.024-80;106095
Выключатель АК50КБ-3МГ, 30/14, со свободными контактами, IP54 (с кабельными вводами), ТУ16-522.024-80;232995
Выключатель АК50КБ-3МГ, 0,6/14, со свободными контактами, крепление за панелью, ТУ16-522.024-80;239121
Выключатель АК50КБ-3МГ, 1,6/14, со свободными контактами, крепление за панелью, ТУ16-522.024-80;225795
Выключатель АК50КБ-3МГ, 10/14, со свободными контактами, крепление за панелью, ТУ16-522.024-80;222347
Выключатель АК50КБ-3МГ, 16/14, со свободными контактами, крепление за панелью, ТУ16-522.024-80;239125
Выключатель АК50КБ-3МГ, 1/14, со свободными контактами, крепление за панелью, ТУ16-522.024-80;239122
Выключатель АК50КБ-3МГ, 25/14, со свободными контактами, крепление за панелью, ТУ16-522.024-80;106096
Выключатель АК50КБ-3МГ, 3,15/14, со свободными контактами, крепление за панелью, ТУ16-522.024-80;239123
Выключатель АК50КБ-3МГ, 30/14, со свободными контактами, крепление за панелью, ТУ16-522.024-80;232791
Выключатель АК50КБ-3МГ, 35/14, со свободными контактами, крепление за панелью, ТУ16-522.024-80;239126
Выключатель АК50КБ-3МГ, 40/14, со свободными контактами, крепление за панелью, ТУ16-522.024-80;243432
Выключатель АК50КБ-3МГ, 50/14, со свободными контактами, крепление за панелью, ТУ16-522.024-80;239127
Выключатель АК50КБ-3МГ, 5/14, со свободными контактами, крепление за панелью, ТУ16-522.024-80;106097
Выключатель АК50КБ-3МГ, 6,3/14, со свободными контактами, крепление за панелью, ТУ16-522.024-80;106098
Выключатель АК50КБ-3МГ, 63/14, со свободными контактами, крепление за панелью, ТУ16-522.024-80;239128
Выключатель АК50КБ-3МГ, 8/14, со свободными контактами, крепление за панелью, ТУ16-522.024-80;239124
Выключатель АК50КБ-3МГ, 10/14, крепление за панелью, ТУ16-522.024-80;106100
Выключатель АК50КБ-3МГ, 16/14, крепление за панелью, ТУ16-522.024-80;106101
Выключатель АК50КБ-3МГ, 1/14, крепление за панелью, ТУ16-522.024-80;106099
Выключатель АК50КБ-3МГ, 20/14, крепление за панелью, ТУ16-522.024-80;106102
Выключатель АК50КБ-3МГ, 25/14, крепление за панелью, ТУ16-522.024-80;266290
Выключатель АК50КБ-3МГ, 2/14, крепление за панелью, ТУ16-522.024-80;250328
Выключатель АК50КБ-3МГ, 3,15/14, крепление за панелью, ТУ16-522.024-80;106103
Выключатель АК50КБ-3МГ, 40/14, крепление за панелью, ТУ16-522.024-80;106104
Выключатель АК50КБ-3МГ, 50/14, крепление за панелью, ТУ16-522.024-80;106105
Выключатель АК50КБ-3МГ, 6,3/14, крепление за панелью, ТУ16-522.024-80;106106
Выключатель АК50КБ-3МГ, 63/14, крепление за панелью, ТУ16-522.024-80;251973
Выключатель АК50КБ-3МГ, 0,6/5, ТУ16-522.024-80;106108
Выключатель АК50КБ-3МГ, 1,6/5, ТУ16-522.024-80;106111
Выключатель АК50КБ-3МГ, 10/5, ТУ16-522.024-80;106113
Выключатель АК50КБ-3МГ, 16/5, ТУ16-522.024-80;106116
Выключатель АК50КБ-3МГ, 16/5, ТУ16-522.024-80, Экспорт;280974
Выключатель АК50КБ-3МГ, 1/5, ТУ16-522.024-80;106109
Выключатель АК50КБ-3МГ, 2,5/5, ТУ16-522.024-80;106120
Выключатель АК50КБ-3МГ, 20/5, ТУ16-522.024-80;106121
Выключатель АК50КБ-3МГ, 25/5, ТУ16-522.024-80;106122
Выключатель АК50КБ-3МГ, 2/5, ТУ16-522.024-80;106117
Выключатель АК50КБ-3МГ, 3,15/5, ТУ16-522.024-80;106125
Выключатель АК50КБ-3МГ, 30/5, ТУ16-522.024-80;106126
Выключатель АК50КБ-3МГ, 35/5, ТУ16-522.024-80;106128
Выключатель АК50КБ-3МГ, 40/5, ТУ16-522.024-80;106130
Выключатель АК50КБ-3МГ, 4/5, ТУ16-522.024-80;106129
Выключатель АК50КБ-3МГ, 50/5, ТУ16-522.024-80;106132
Выключатель АК50КБ-3МГ, 50/5, ТУ16-522.024-80, Экспорт;280975
Выключатель АК50КБ-3МГ, 5/5, ТУ16-522.024-80;106131
Выключатель АК50КБ-3МГ, 6,3/5, ТУ16-522.024-80;106134
Выключатель АК50КБ-3МГ, 63/5, ТУ16-522.024-80;228244
Выключатель АК50КБ-3МГ, 8/5, ТУ16-522.024-80;106136
Выключатель АК50КБ-3МГ, 10/5, IP54 (с кабельными вводами), ТУ16-522.024-80;106137
Выключатель АК50КБ-3МГ, 25/5, IP54 (с кабельными вводами), ТУ16-522.024-80;106139
Выключатель АК50КБ-3МГ, 2/5, IP54 (с кабельными вводами), ТУ16-522.024-80;106138
Выключатель АК50КБ-3МГ, 3,15/5, IP54 (с кабельными вводами), ТУ16-522.024-80;285909
Выключатель АК50КБ-3МГ, 10/5, IP54 (с сальниками), ТУ16-522.024-80;106140
Выключатель АК50КБ-3МГ, 16/5, IP54 (с сальниками), ТУ16-522.024-80;106107
Выключатель АК50КБ-3МГ, 25/5, IP54 (с сальниками), ТУ16-522.024-80;106141
Выключатель АК50КБ-3МГ, 3,15/5, IP54 (с сальниками), ТУ16-522.024-80;106142
Выключатель АК50КБ-3МГ, 35/5, IP54 (с сальниками), ТУ16-522.024-80;106143
Выключатель АК50КБ-3МГ, 0,6/5, со свободными контактами, ТУ16-522.024-80;106144
Выключатель АК50КБ-3МГ, 1,6/5, со свободными контактами, ТУ16-522.024-80;106146
Выключатель АК50КБ-3МГ, 10/5, со свободными контактами, ТУ16-522.024-80;106147
Выключатель АК50КБ-3МГ, 16/5, со свободными контактами, ТУ16-522.024-80;106148
Выключатель АК50КБ-3МГ, 1/5, со свободными контактами, ТУ16-522.024-80;106145
Выключатель АК50КБ-3МГ, 2,5/5, со свободными контактами, ТУ16-522.024-80;106150
Выключатель АК50КБ-3МГ, 20/5, со свободными контактами, ТУ16-522.024-80;106151
Выключатель АК50КБ-3МГ, 25/5, со свободными контактами, ТУ16-522.024-80;106152
Выключатель АК50КБ-3МГ, 2/5, со свободными контактами, ТУ16-522.024-80;106149
Выключатель АК50КБ-3МГ, 3,15/5, со свободными контактами, ТУ16-522.024-80;106153
Выключатель АК50КБ-3МГ, 30/5, со свободными контактами, ТУ16-522.024-80;106154
Выключатель АК50КБ-3МГ, 35/5, со свободными контактами, ТУ16-522.024-80;106155
Выключатель АК50КБ-3МГ, 40/5, со свободными контактами, ТУ16-522.024-80;106157
Выключатель АК50КБ-3МГ, 4/5, со свободными контактами, ТУ16-522.024-80;106156
Выключатель АК50КБ-3МГ, 50/5, со свободными контактами, ТУ16-522.024-80;106160
Выключатель АК50КБ-3МГ, 5/5, со свободными контактами, ТУ16-522.024-80;106158
Выключатель АК50КБ-3МГ, 6,3/5, со свободными контактами, ТУ16-522.024-80;106161
Выключатель АК50КБ-3МГ, 63/5, со свободными контактами, ТУ16-522.024-80;106162
Выключатель АК50КБ-3МГ, 8/5, со свободными контактами, ТУ16-522.024-80;106163
Выключатель АК50КБ-3МГ, 50/5, со свободными контактами, IP54 (с кабельными вводами), ТУ16-522.024-80;106164
Выключатель АК50КБ-3МГ, 0,6/5, со свободными контактами, крепление за панелью, ТУ16-522.024-80;106165
Выключатель АК50КБ-3МГ, 20/5, со свободными контактами, крепление за панелью, ТУ16-522.024-80;106166
Выключатель АК50КБ-3МГ, 40/5, со свободными контактами, крепление за панелью, ТУ16-522.024-80;106167
Выключатель АК50КБ-3МГ, 10/5, крепление за панелью, ТУ16-522.024-80;106169
Выключатель АК50КБ-3МГ, 1/5, крепление за панелью, ТУ16-522.024-80;106168
Выключатель АК50КБ-3МГ, 20/5, крепление за панелью, ТУ16-522.024-80;106170
Выключатель АК50КБ-3МГ, 25/5, крепление за панелью, ТУ16-522.024-80;251972
Выключатель АК50КБ-3МГ, 2/5, крепление за панелью, ТУ16-522.024-80;234499
Выключатель АК50КБ-3МГ, 6,3/5, крепление за панелью, ТУ16-522.024-80;251969
Выключатель АК50КБ-3МГ, 0,6/7, ТУ16-522.024-80;106171
Выключатель АК50КБ-3МГ, 1,6/7, ТУ16-522.024-80;106173
Выключатель АК50КБ-3МГ, 10/7, ТУ16-522.024-80;106176
Выключатель АК50КБ-3МГ, 16/7, ТУ16-522.024-80;106177
Выключатель АК50КБ-3МГ, 1/7, ТУ16-522.024-80;106172
Выключатель АК50КБ-3МГ, 2,5/7, ТУ16-522.024-80;106179
Выключатель АК50КБ-3МГ, 20/7, ТУ16-522.024-80;106180
Выключатель АК50КБ-3МГ, 25/7, ТУ16-522.024-80;106181
Выключатель АК50КБ-3МГ, 2/7, ТУ16-522.024-80;106178
Выключатель АК50КБ-3МГ, 3,15/7, ТУ16-522.024-80;106183
Выключатель АК50КБ-3МГ, 30/7, ТУ16-522.024-80;106184
Выключатель АК50КБ-3МГ, 35/7, ТУ16-522.024-80;106185
Выключатель АК50КБ-3МГ, 40/7, ТУ16-522.024-80;106187
Выключатель АК50КБ-3МГ, 4/7, ТУ16-522.024-80;106186
Выключатель АК50КБ-3МГ, 50/7, ТУ16-522.024-80;106189
Выключатель АК50КБ-3МГ, 5/7, ТУ16-522.024-80;106188
Выключатель АК50КБ-3МГ, 6,30/7, ТУ16-522.024-80;106190
Выключатель АК50КБ-3МГ, 63/7, ТУ16-522.024-80;111937
Выключатель АК50КБ-3МГ, 8/7, ТУ16-522.024-80;106191
Выключатель АК50КБ-3МГ, 10/7, IP54 (с кабельными вводами), ТУ16-522.024-80;106192
Выключатель АК50КБ-3МГ, 16/7, IP54 (с кабельными вводами), ТУ16-522.024-80;106193
Выключатель АК50КБ-3МГ, 10/7, IP54 (с сальниками), ТУ16-522.024-80;106194
Выключатель АК50КБ-3МГ, 0,6/7, со свободными контактами, ТУ16-522.024-80;106195
Выключатель АК50КБ-3МГ, 1,6/7, со свободными контактами, ТУ16-522.024-80;106197
Выключатель АК50КБ-3МГ, 10/7, со свободными контактами, ТУ16-522.024-80;106198
Выключатель АК50КБ-3МГ, 16/7, со свободными контактами, ТУ16-522.024-80;106199
Выключатель АК50КБ-3МГ, 1/7, со свободными контактами, ТУ16-522.024-80;106196
Выключатель АК50КБ-3МГ, 2,5/7, со свободными контактами, ТУ16-522.024-80;106201
Выключатель АК50КБ-3МГ, 20/7, со свободными контактами, ТУ16-522.024-80;106202
Выключатель АК50КБ-3МГ, 25/7, со свободными контактами, ТУ16-522.024-80;106203
Выключатель АК50КБ-3МГ, 2/7, со свободными контактами, ТУ16-522.024-80;106200
Выключатель АК50КБ-3МГ, 3,15/7, со свободными контактами, ТУ16-522.024-80;106204
Выключатель АК50КБ-3МГ, 30/7, со свободными контактами, ТУ16-522.024-80;106205
Выключатель АК50КБ-3МГ, 35/7, со свободными контактами, ТУ16-522.024-80;106206
Выключатель АК50КБ-3МГ, 40/7, со свободными контактами, ТУ16-522.024-80;106208
Выключатель АК50КБ-3МГ, 4/7, со свободными контактами, ТУ16-522.024-80;106207
Выключатель АК50КБ-3МГ, 50/7, со свободными контактами, ТУ16-522.024-80;106210
Выключатель АК50КБ-3МГ, 5/7, со свободными контактами, ТУ16-522.024-80;106209
Выключатель АК50КБ-3МГ, 6,3/7, со свободными контактами, ТУ16-522.024-80;106211
Выключатель АК50КБ-3МГ, 63/7, со свободными контактами, ТУ16-522.024-80;106212
Выключатель АК50КБ-3МГ, 8/7, со свободными контактами, ТУ16-522.024-80;106213
Выключатель АК50КБ-3МГ, 10/7, со свободными контактами, крепление за панелью, ТУ16-522.024-80;243430
Выключатель АК50КБ-3МГ, 16/7, со свободными контактами, крепление за панелью, ТУ16-522.024-80;106214
Выключатель АК50КБ-3МГ, 2,5/7, со свободными контактами, крепление за панелью, ТУ16-522.024-80;274706
Выключатель АК50КБ-3МГ, 20/7, со свободными контактами, крепление за панелью, ТУ16-522.024-80;223312
Выключатель АК50КБ-3МГ,25/7, со свободными контактами, крепление за панелью, ТУ 16-522.024-80;239120
Выключатель АК50КБ-3МГ, 2/7, со свободными контактами, крепление за панелью, ТУ16-522.024-80;248755
Выключатель АК50КБ-3МГ,3,15/7, со свободными контактами, крепление за панелью, ТУ 16-522.024-80;274701
Выключатель АК50КБ-3МГ, 30/7, со свободными контактами, крепление за панелью, ТУ16-522.024-80;106215
Выключатель АК50КБ-3МГ, 35/7, со свободными контактами, крепление за панелью, ТУ16-522.024-80;106216
Выключатель АК50КБ-3МГ, 40/7, со свободными контактами, крепление за панелью, ТУ16-522.024-80;274707
Выключатель АК50КБ-3МГ, 50/7, со свободными контактами, крепление за панелью, ТУ16-522.024-80;243433
Выключатель АК50КБ-3МГ,5/7, со свободными контактами, крепление за панелью, ТУ 16-522.024-80;217298
Выключатель АК50КБ-3МГ, 6,3/7, со свободными контактами, крепление за панелью, ТУ16-522.024-80;106217
Выключатель АК50КБ-3МГ, 63/7, со свободными контактами, крепление за панелью, ТУ16-522.024-80;246486
Выключатель АК50КБ-3МГ,8/7, со свободными контактами, крепление за панелью, ТУ 16-522.024-80;239119
Выключатель АК50КБ-3МГ, 10/7, крепление за панелью, ТУ16-522.024-80;106218
Выключатель АК50КБ-3МГ, 16/7, крепление за панелью, ТУ16-522.024-80;106219
Выключатель АК50КБ-3МГ, 20/7, крепление за панелью, ТУ16-522.024-80;244234
Выключатель АК50КБ-3МГ, 25/7, крепление за панелью, ТУ16-522.024-80;129815
Выключатель АК50КБ-3МГ, 2/7, крепление за панелью, ТУ16-522.024-80;283441
Выключатель АК50КБ-3МГ, 3,15/7, крепление за панелью, ТУ16-522.024-80;312537
Выключатель АК50КБ-3МГ, 30/7, крепление за панелью, ТУ16-522.024-80;106220
Выключатель АК50КБ-3МГ, 35/7, крепление за панелью, ТУ16-522.024-80;106221
Выключатель АК50КБ-3МГ, 40/7, крепление за панелью, ТУ16-522.024-80;106222
Выключатель АК50КБ-3МГ, 4/7, крепление за панелью, ТУ16-522.024-80;244235
Выключатель АК50КБ-3МГ, 50/7, крепление за панелью, ТУ16-522.024-80;283442
Выключатель АК50КБ-3МГ, 5/7, крепление за панелью, ТУ16-522.024-80;106223
Выключатель АК50КБ-3МГ, 6,3/7, крепление за панелью, ТУ16-522.024-80;251971
Выключатель АК50КБ-3МГ, 63/7, крепление за панелью, ТУ16-522.024-80;283443
Выключатель АК50КБ-3МГ, 8/7, крепление за панелью, ТУ16-522.024-80;283444
Выключатель АК50КБ-3МГ-Д, 10/14, Uд~220В, ТУ16-522.024-80;106224
Выключатель АК50КБ-3МГ-Д, 16/14, Uд~220В, ТУ16-522.024-80;259596
Выключатель АК50КБ-3МГ-Д, 20/14, Uд~220В, ТУ16-522.024-80;287069
Выключатель АК50КБ-3МГ-Д, 25/14, Uд~220В, ТУ16-522.024-80;106225
Выключатель АК50КБ-3МГ-Д, 30/14, Uд~220В, ТУ16-522.024-80;106226
Выключатель АК50КБ-3МГ-Д, 35/14, Uд~220В, ТУ16-522.024-80;106227
Выключатель АК50КБ-3МГ-Д, 40/14, Uд~220В, ТУ16-522.024-80;106228
Выключатель АК50КБ-3МГ-Д,50/14, Uд~220В, ТУ16-522.024-80;106229
Выключатель АК50КБ-3МГ-Д, 63/14, Uд~220В, ТУ16-522.024-80;106230
Выключатель АК50КБ-3МГ-Д, 10/14, Uд~380В, ТУ16-522.024-80;106232
Выключатель АК50КБ-3МГ-Д, 16/14, Uд~380В, ТУ16-522.024-80;106233
Выключатель АК50КБ-3МГ-Д, 1/14, Uд~380В, ТУ16-522.024-80;106231
Выключатель АК50КБ-3МГ-Д, 25/14, Uд~380В, ТУ16-522.024-80;106234
Выключатель АК50КБ-3МГ-Д, 30/14, Uд~380В, ТУ16-522.024-80;106235
Выключатель АК50КБ-3МГ-Д, 40/14, Uд~380В, ТУ16-522.024-80;106236
Выключатель АК50КБ-3МГ-Д, 50/14, Uд~380В, ТУ16-522.024-80;106238
Выключатель АК50КБ-3МГ-Д, 5/14, Uд~380В, ТУ16-522.024-80;106237
Выключатель АК50КБ-3МГ-Д, 8/14, Uд~380В, ТУ16-522.024-80;106239
Выключатель АК50КБ-3МГ-Д, 10/5, Uд~220В, ТУ16-522.024-80;106240
Выключатель АК50КБ-3МГ-Д, 16/5, Uд~220В, ТУ16-522.024-80;106241
Выключатель АК50КБ-3МГ-Д, 20/5, Uд~220В, ТУ16-522.024-80;106243
Выключатель АК50КБ-3МГ-Д, 25/5, Uд~220В, ТУ16-522.024-80;106244
Выключатель АК50КБ-3МГ-Д, 2/5, Uд~220В, ТУ16-522.024-80;106242
Выключатель АК50КБ-3МГ-Д, 30/5, Uд~220В, ТУ16-522.024-80;232088
Выключатель АК50КБ-3МГ-Д, 35/5, Uд~220В, ТУ16-522.024-80;106245
Выключатель АК50КБ-3МГ-Д, 4/5, Uд~220В, ТУ16-522.024-80;106246
Выключатель АК50КБ-3МГ-Д, 10/5, Uд~380В, ТУ16-522.024-80;222488
Выключатель АК50КБ-3МГ-Д, 4/5, Uд~380В, ТУ16-522.024-80;106247
Выключатель АК50КБ-3МГ-Д, 50/5, Uд~380В, ТУ16-522.024-80;106248
Выключатель АК50КБ-3МГ-Д, 20/7, Uд~220В, ТУ16-522.024-80;106250
Выключатель АК50КБ-3МГ-Д, 25/7, Uд~220В, ТУ16-522.024-80;111637
Выключатель АК50КБ-3МГ-Д, 40/7, Uд~220В, ТУ16-522.024-80;106251
Выключатель АК50КБ-3МГ-Д, 50/7, Uд~220В, ТУ16-522.024-80;106252
Выключатель АК50КБ-3МГ-Д, 10/7, Uд~380В, ТУ16-522.024-80;106253
Выключатель АК50КБ-3МГ-Д, 16/7, Uд~380В, ТУ16-522.024-80;106254
Выключатель АК50КБ-3МГ-Д, 25/7, Uд~380В, ТУ16-522.024-80;106255
Выключатель АК50КБ-3МГ-Д, 3,15/7, Uд~380В, ТУ16-522.024-80;106256
Выключатель АК50КБ-3МГ-Д, 4/7, Uд~380В, ТУ16-522.024-80;106257
Выключатель АК50КБ-3МГ-Д, 50/7, Uд~380В, ТУ16-522.024-80;106249
Выключатель АК50КБ-3МГ-Д, 63/7, Uд~380В, ТУ16-522.024-80;149110
Выключатель АК50КБ-3МГ-Д, 8/7, Uд~380В, ТУ16-522.024-80;106258
Выключатель АК50КБ-3М-Д, 30/5, Uд~380В, ТУ16-522.024-80;106028
Выключатель АК50КБ-3М-Д, 4/5, Uд~380В, ТУ16-522.024-80;106029
Выключатель АК50КБ-3М-Д, 50/5, Uд~380В, ТУ16-522.024-80;106030
Выключатель АК50КБ-3М-Д, 25/7, Uд~380В, ТУ16-522.024-80;106031
Выключатель АК50КБ-400-2М, 50/12, ТУ16-522.024-80;106259
Выключатель АК50КБ-400-2М, 30/12, со свободными контактами, ТУ16-522.024-80;106260
Выключатель АК50КБ-400-2М, 0,6/5, ТУ16-522.024-80;106262
Выключатель АК50КБ-400-2М, 1,6/5, ТУ16-522.024-80;296794
Выключатель АК50КБ-400-2М, 10/5, ТУ16-522.024-80;106265
Выключатель АК50КБ-400-2М, 16/5, ТУ16-522.024-80;106266
Выключатель АК50КБ-400-2М, 1/5, ТУ16-522.024-80;106263
Выключатель АК50КБ-400-2М, 2,5/5, ТУ16-522.024-80;106268
Выключатель АК50КБ-400-2М, 20/5, ТУ16-522.024-80;106269
Выключатель АК50КБ-400-2М, 25/5, ТУ16-522.024-80;106270
Выключатель АК50КБ-400-2М, 2/5, ТУ16-522.024-80;106267
Выключатель АК50КБ-400-2М, 3,15/5, ТУ16-522.024-80;106271
Выключатель АК50КБ-400-2М, 35/5, ТУ16-522.024-80;106273
Выключатель АК50КБ-400-2М, 4/5, ТУ16-522.024-80;106274
Выключатель АК50КБ-400-2М, 50/5, ТУ16-522.024-80;106277
Выключатель АК50КБ-400-2М, 5/5, ТУ16-522.024-80;106276
Выключатель АК50КБ-400-2М, 6,3/5, ТУ16-522.024-80;106278
Выключатель АК50КБ-400-2М, 8/5, ТУ16-522.024-80;106279
Выключатель АК50КБ-400-2М, 0,6/5, со свободными контактами, ТУ16-522.024-80;106280
Выключатель АК50КБ-400-2М, 1,6/5, со свободными контактами, ТУ16-522.024-80;106282
Выключатель АК50КБ-400-2М, 10/5, со свободными контактами, ТУ16-522.024-80;106283
Выключатель АК50КБ-400-2М, 16/5, со свободными контактами, ТУ16-522.024-80;106284
Выключатель АК50КБ-400-2М, 1/5, со свободными контактами, ТУ16-522.024-80;106281
Выключатель АК50КБ-400-2М, 2,5/5, со свободными контактами, ТУ16-522.024-80;106286
Выключатель АК50КБ-400-2М, 20/5, со свободными контактами, ТУ16-522.024-80;106287
Выключатель АК50КБ-400-2М, 25/5, со свободными контактами, ТУ16-522.024-80;106288
Выключатель АК50КБ-400-2М, 2/5, со свободными контактами, ТУ16-522.024-80;106285
Выключатель АК50КБ-400-2М, 3,15/5, со свободными контактами, ТУ16-522.024-80;106290
Выключатель АК50КБ-400-2М, 4/5, со свободными контактами, ТУ16-522.024-80;106291
Выключатель АК50КБ-400-2М, 50/5, со свободными контактами, ТУ16-522.024-80;315352
Выключатель АК50КБ-400-2М, 5/5, со свободными контактами, ТУ16-522.024-80;106292
Выключатель АК50КБ-400-2М, 6,3/5, со свободными контактами, ТУ16-522.024-80;106293
Выключатель АК50КБ-400-2М, 8/5, со свободными контактами, ТУ16-522.024-80;106294
Выключатель АК50КБ-400-2М, 50/7, со свободными контактами, ТУ16-522.024-80;106295
Выключатель АК50КБ-400-2М, 63/7, со свободными контактами, ТУ16-522.024-80;311484
Выключатель АК50КБ-400-3М, 25/12, ТУ16-522.024-80;106296
Выключатель АК50КБ-400-3М, 30/12, ТУ16-522.024-80;106297
Выключатель АК50КБ-400-3М, 40/12, ТУ16-522.024-80;106298
Выключатель АК50КБ-400-3М, 50/12, ТУ16-522.024-80;106299
Выключатель АК50КБ-400-3М, 63/12, ТУ16-522.024-80;271854
Выключатель АК50КБ-400-3М, 25/12, со свободными контактами, ТУ16-522.024-80;106300
Выключатель АК50КБ-400-3М, 30/12, со свободными контактами, ТУ16-522.024-80;106301
Выключатель АК50КБ-400-3М, 35/12, со свободными контактами, ТУ16-522.024-80;106302
Выключатель АК50КБ-400-3М, 40/12, со свободными контактами, ТУ16-522.024-80;106303
Выключатель АК50КБ-400-3М, 50/12, со свободными контактами, ТУ16-522.024-80;106304
Выключатель АК50КБ-400-3М, 63/12, со свободными контактами, ТУ16-522.024-80;113431
Выключатель АК50КБ-400-3М, 30/12, крепление за панелью, ТУ16-522.024-80;244470
Выключатель АК50КБ-400-3М, 0,6/5, ТУ16-522.024-80;106306
Выключатель АК50КБ-400-3М, 1,6/5, ТУ16-522.024-80;106310
Выключатель АК50КБ-400-3М, 10/5, ТУ16-522.024-80;106311
Выключатель АК50КБ-400-3М, 16/5, ТУ16-522.024-80;106314
Выключатель АК50КБ-400-3М, 1/5, ТУ16-522.024-80;106308
Выключатель АК50КБ-400-3М, 2,5/5, ТУ16-522.024-80;106316
Выключатель АК50КБ-400-3М, 20/5, ТУ16-522.024-80;106318
Выключатель АК50КБ-400-3М, 25/5, ТУ16-522.024-80;106319
Выключатель АК50КБ-400-3М, 2/5, ТУ16-522.024-80;106315
Выключатель АК50КБ-400-3М, 3,15/5, ТУ16-522.024-80;106320
Выключатель АК50КБ-400-3М, 30/5, ТУ16-522.024-80;106321
Выключатель АК50КБ-400-3М, 35/5, ТУ16-522.024-80;106322
Выключатель АК50КБ-400-3М, 40/5, ТУ16-522.024-80;106325
Выключатель АК50КБ-400-3М, 4/5, ТУ16-522.024-80;106323
Выключатель АК50КБ-400-3М, 50/5, ТУ16-522.024-80;106329
Выключатель АК50КБ-400-3М, 5/5, ТУ16-522.024-80;106326
Выключатель АК50КБ-400-3М, 6,3/5, ТУ16-522.024-80;106330
Выключатель АК50КБ-400-3М, 63/5, ТУ16-522.024-80;141258
Выключатель АК50КБ-400-3М, 8/5, ТУ16-522.024-80;106332
Выключатель АК50КБ-400-3М, 1,6/5, IP54 (с сальниками), ТУ16-522.024-80;106333
Выключатель АК50КБ-400-3М, 40/5, IP54 (с сальниками), ТУ16-522.024-80;106334
Выключатель АК50КБ-400-3М, 6,3/5, IP54 (с сальниками), ТУ16-522.024-80;115014
Выключатель АК50КБ-400-3М, 0,6/5, со свободными контактами, ТУ16-522.024-80;106335
Выключатель АК50КБ-400-3М, 1,6/5, со свободными контактами, ТУ16-522.024-80;106337
Выключатель АК50КБ-400-3М, 10/5, со свободными контактами, ТУ16-522.024-80;106340
Выключатель АК50КБ-400-3М, 16/5, со свободными контактами, ТУ16-522.024-80;106341
Выключатель АК50КБ-400-3М, 1/5, со свободными контактами, ТУ16-522.024-80;106336
Выключатель АК50КБ-400-3М, 2,5/5, со свободными контактами, ТУ16-522.024-80;106343
Выключатель АК50КБ-400-3М, 20/5, со свободными контактами, ТУ16-522.024-80;106344
Выключатель АК50КБ-400-3М, 25/5, со свободными контактами, ТУ16-522.024-80;106345
Выключатель АК50КБ-400-3М, 2/5, со свободными контактами, ТУ16-522.024-80;106342
Выключатель АК50КБ-400-3М, 3,15/5, со свободными контактами, ТУ16-522.024-80;106346
Выключатель АК50КБ-400-3М, 30/5, со свободными контактами, ТУ16-522.024-80;106347
Выключатель АК50КБ-400-3М, 35/5, со свободными контактами, ТУ16-522.024-80;106348
Выключатель АК50КБ-400-3М, 40/5, со свободными контактами, ТУ16-522.024-80;106350
Выключатель АК50КБ-400-3М, 4/5, со свободными контактами, ТУ16-522.024-80;106349
Выключатель АК50КБ-400-3М, 50/5, со свободными контактами, ТУ16-522.024-80;106352
Выключатель АК50КБ-400-3М, 5/5, со свободными контактами, ТУ16-522.024-80;106351
Выключатель АК50КБ-400-3М, 6,3/5, со свободными контактами, ТУ16-522.024-80;106353
Выключатель АК50КБ-400-3М, 63/5, со свободными контактами, ТУ16-522.024-80;248221
Выключатель АК50КБ-400-3М, 8/5, со свободными контактами, ТУ16-522.024-80;106354
Выключатель АК50КБ-400-3М, 1,6/5, со свободными контактами, IP54 (с сальниками), ТУ16-522.024-80;106355
Выключатель АК50КБ-400-3М, 16/5, со свободными контактами, крепление за панелью, ТУ16-522.024-80;106356
Выключатель АК50КБ-400-3М, 20/5, со свободными контактами, крепление за панелью, ТУ16-522.024-80;106357
Выключатель АК50КБ-400-3М, 40/5, со свободными контактами, крепление за панелью, ТУ16-522.024-80;106359
Выключатель АК50КБ-400-3М, 4/5, со свободными контактами, крепление за панелью, ТУ16-522.024-80;106358
Выключатель АК50КБ-400-3М, 0,6/5, крепление за панелью, ТУ16-522.024-80;118707
Выключатель АК50КБ-400-3М, 1,6/5, крепление за панелью, ТУ16-522.024-80;149468
Выключатель АК50КБ-400-3М, 16/5, крепление за панелью, ТУ16-522.024-80;292136
Выключатель АК50КБ-400-3М, 20/5, крепление за панелью, ТУ16-522.024-80;106305
Выключатель АК50КБ-400-3М, 5/5, крепление за панелью, ТУ16-522.024-80;118706
Выключатель АК50КБ-400-3М, 63/5, крепление за панелью, ТУ16-522.024-80;244468
Выключатель АК50КБ-400-3М, 25/7, ТУ16-522.024-80;106360
Выключатель АК50КБ-400-3М, 30/7, ТУ16-522.024-80;106361
Выключатель АК50КБ-400-3М, 35/7, ТУ16-522.024-80;106362
Выключатель АК50КБ-400-3М, 40/7, ТУ16-522.024-80;106363
Выключатель АК50КБ-400-3М, 50/7, ТУ16-522.024-80;106364
Выключатель АК50КБ-400-3М, 63/7, ТУ16-522.024-80;245504
Выключатель АК50КБ-400-3М, 25/7, со свободными контактами, ТУ16-522.024-80;106365
Выключатель АК50КБ-400-3М, 30/7, со свободными контактами, ТУ16-522.024-80;106366
Выключатель АК50КБ-400-3М, 35/7, со свободными контактами, ТУ16-522.024-80;106367
Выключатель АК50КБ-400-3М, 40/7, со свободными контактами, ТУ16-522.024-8;106368
Выключатель АК50КБ-400-3М, 50/7, со свободными контактами, ТУ16-522.024-8;106369
Выключатель АК50КБ-400-3М, 63/7, со свободными контактами, ТУ16-522.024-8;232029
Выключатель АК50КБ-400-3М, 40/7, со свободными контактами, крепление за панелью, ТУ16-522.024-80;106370
